time,open,high,low,close,tick_volume,spread
1556496000,6380.6,6382.6,6347.6,6360.9,4528,9
1556582400,6349.0,6349.0,6316.0,6345.0,4626,6
1556668800,6353.8,6379.8,6342.7,6342.8,5192,16
1556755200,6342.0,6365.9,6323.0,6348.9,6474,10
1556841600,6339.6,6373.6,6326.6,6370.6,4656,6
1557100800,6281.1,6318.1,6243.1,6295.1,7866,5
1557187200,6309.4,6339.3,6231.2,6254.2,11055,10
1557273600,6241.5,6276.5,6236.5,6271.9,9668,15
1557360000,6254.9,6299.9,6242.9,6281.0,12244,16
1557446400,6278.2,6350.2,6278.2,6342.3,23821,9
1557705600,6288.7,6306.7,6246.7,6250.9,12330,5
1557792000,6228.5,6267.5,6199.5,6251.6,12311,9
1557878400,6254.9,6307.9,6236.8,6301.8,10126,15
1557964800,6289.8,6397.8,6269.8,6377.8,9350,14
1558051200,6389.1,6400.1,6335.0,6358.1,10076,11
1558310400,6445.1,6480.6,6418.0,6437.1,11371,8
1558396800,6438.1,6501.7,6434.1,6496.7,8373,5
1558483200,6488.2,6512.8,6472.8,6491.8,6685,16
1558569600,6490.3,6501.9,6437.8,6452.9,10451,11
1558656000,6446.7,6479.3,6435.3,6450.4,8190,4
1558915200,6452.3,6470.3,6444.8,6454.9,4069,12
1559001600,6450.6,6491.2,6428.2,6433.2,8843,6
1559088000,6424.3,6440.8,6380.8,6390.8,10264,9
1559174400,6386.9,6406.5,6372.5,6403.5,8132,7
1559260800,6398.2,6402.2,6348.2,6370.9,9779,5
1559520000,6345.2,6360.8,6296.8,6322.8,10525,12
1559606400,6319.4,6382.9,6310.0,6380.9,11035,6
1559692800,6378.0,6401.0,6346.0,6373.5,13860,17
1559779200,6349.2,6422.8,6340.2,6406.9,12315,18
1559865600,6398.3,6482.9,6398.3,6474.9,11283,17
1560211200,6486.6,6583.5,6481.6,6558.5,11506,17
1560297600,6551.2,6590.9,6536.2,6545.9,10384,7
1560384000,6534.3,6572.1,6532.3,6553.0,9276,9
1560470400,6547.0,6561.6,6528.0,6559.0,6475,8
1560729600,6564.0,6574.6,6525.0,6541.6,6589,24
1560816000,6537.3,6620.9,6526.9,6610.9,9939,6
1560902400,6600.5,6664.3,6598.5,6652.8,7968,5
1560988800,6654.9,6705.4,6640.4,6684.4,8942,5
1561075200,6681.3,6692.9,6638.8,6638.8,12333,6
1561334400,6642.1,6671.1,6616.6,6651.1,7751,25
1561420800,6646.3,6681.9,6628.9,6629.0,11801,24
1561507200,6629.1,6670.1,6621.1,6628.0,7709,20
1561593600,6612.3,6666.6,6602.9,6650.8,8027,11
1561680000,6650.0,6660.0,6612.3,6639.6,6817,18
1561939200,6699.9,6699.9,6639.4,6668.4,7699,9
1562025600,6663.0,6691.8,6638.0,6656.8,8311,5
1562112000,6655.5,6715.0,6644.0,6701.0,4136,10
1562198400,6701.5,6737.0,6693.5,6723.0,2703,14
1562284800,6717.5,6775.1,6716.0,6739.0,7267,14
1562544000,6745.1,6749.1,6667.8,6681.6,6215,17
1562630400,6675.6,6700.8,6644.3,6696.8,6837,17
1562716800,6693.6,6724.4,6685.6,6703.2,7065,6
1562803200,6699.8,6734.5,6686.4,6695.8,9410,17
1562889600,6689.3,6720.9,6667.5,6671.5,5224,17
1563148800,6670.1,6685.7,6641.7,6656.8,4588,17
1563235200,6656.2,6666.8,6636.5,6636.5,4340,10
1563321600,6630.9,6694.1,6626.5,6659.2,6053,17
1563408000,6656.8,6675.4,6633.4,6661.4,10056,17
1563494400,6658.9,6714.6,6652.5,6681.5,5525,6
1563753600,6688.5,6718.1,6680.1,6709.1,5224,18
1563840000,6702.8,6767.5,6702.8,6760.5,4428,8
1563926400,6754.0,6790.7,6754.0,6786.6,8191,5
1564012800,6784.3,6840.9,6782.9,6789.9,10126,11
1564099200,6789.3,6826.9,6785.9,6818.9,5094,17
1564358400,6820.3,6865.9,6809.9,6863.9,4014,4
1564444800,6859.2,6885.8,6819.8,6827.8,5061,13
1564531200,6827.7,6847.3,6772.3,6794.3,6896,13
1564617600,6785.9,6849.5,6776.9,6784.5,13070,6
1564704000,6781.9,6813.6,6746.9,6773.6,15237,18
1564963200,6759.9,6775.9,6521.5,6525.6,18284,5
1565049600,6502.4,6520.0,6430.4,6506.2,24022,8
1565136000,6505.6,6551.3,6440.2,6508.2,18349,8
1565222400,6504.8,6607.4,6462.4,6604.5,12035,11
1565308800,6582.0,6602.6,6548.6,6568.1,15421,5
1565568000,6569.0,6616.0,6543.7,6552.7,9910,17
1565654400,6550.4,6617.0,6537.0,6609.4,15322,17
1565740800,6587.8,6613.0,6452.7,6453.7,15294,10
1565827200,6447.2,6491.8,6358.8,6400.9,23752,17
1565913600,6400.5,6452.1,6382.1,6449.1,14549,18
1566172800,6447.3,6499.0,6447.3,6488.0,8742,18
1566259200,6485.2,6554.9,6478.8,6502.9,10214,9
1566345600,6494.2,6523.8,6469.8,6515.9,9718,8
1566432000,6512.6,6532.3,6477.2,6494.6,12432,18
1566518400,6493.9,6535.6,6421.6,6439.6,16489,17
1566777600,6370.6,6499.6,6348.6,6456.3,16263,8
1566864000,6455.4,6494.0,6438.4,6461.1,14957,18
1566950400,6455.9,6514.6,6454.9,6502.6,15139,17
1567036800,6501.3,6570.0,6476.0,6562.0,12353,7
1567123200,6552.4,6628.0,6549.9,6598.1,13801,8
1567382400,6532.6,6607.2,6531.6,6564.8,9148,12
1567468800,6564.6,6594.2,6511.4,6539.4,15216,17
1567555200,6534.6,6577.4,6501.4,6572.5,12234,10
1567641600,6559.0,6638.3,6559.0,6614.3,11480,5
1567728000,6618.4,6658.3,6616.4,6635.3,6590,18
1567987200,6642.2,6663.1,6629.0,6638.1,5255,18
1568073600,6635.0,6641.8,6595.8,6637.9,7128,19
1568160000,6635.5,6666.2,6617.3,6661.2,6252,14
1568246400,6659.3,6699.3,6634.9,6667.0,8277,14
1568332800,6680.4,6689.0,6656.0,6664.1,5489,17
1568592000,6611.3,6687.9,6611.3,6662.0,8024,18
1568678400,6662.3,6707.9,6649.9,6701.9,7401,12
1568764800,6701.4,6708.0,6659.9,6691.9,9225,17
1568851200,6693.6,6760.9,6688.6,6739.0,7186,11
1568937600,6734.1,6782.7,6723.7,6731.8,7401,12
1569196800,6767.9,6776.5,6712.5,6742.5,6226,5
1569283200,6738.1,6779.1,6670.7,6681.7,7748,7
1569369600,6677.4,6731.1,6669.4,6720.1,9910,5
1569456000,6717.8,6730.8,6665.4,6701.5,9007,4
1569542400,6702.6,6744.3,6681.3,6700.3,10082,9
1569801600,6721.1,6738.8,6678.8,6707.8,6082,12
1569888000,6706.4,6755.1,6663.0,6673.1,10238,6
1569974400,6672.8,6688.0,6492.0,6514.1,15056,6
1570060800,6516.5,6537.5,6433.1,6517.2,17221,5
1570147200,6514.8,6563.6,6484.4,6555.7,10609,7
1570406400,6522.4,6609.1,6520.4,6582.4,9886,17
1570492800,6581.3,6602.0,6519.3,6524.3,14256,8
1570579200,6522.5,6589.5,6515.2,6579.8,11817,17
1570665600,6581.4,6616.4,6495.4,6609.4,14916,8
1570752000,6613.7,6669.3,6588.3,6637.7,9411,18
1571011200,6642.9,6680.5,6609.0,6616.0,7953,16
1571097600,6617.3,6722.1,6616.3,6705.5,10972,5
1571184000,6699.6,6752.5,6693.0,6725.6,8057,24
1571270400,6726.6,6746.0,6653.4,6666.6,7988,24
1571356800,6667.8,6677.4,6611.6,6622.9,6658,11
1571616000,6615.2,6662.9,6609.3,6661.9,7288,25
1571702400,6662.1,6683.0,6638.9,6655.1,6666,59
1571788800,6652.3,6704.3,6627.2,6703.3,7704,12
1571875200,6705.5,6738.5,6686.3,6725.5,6944,49
1571961600,6725.6,6765.5,6722.4,6759.6,5825,89
1572220800,6770.2,6773.2,6734.0,6760.1,4981,85
1572307200,6765.2,6765.2,6708.0,6719.1,5071,89
1572393600,6722.2,6727.4,6673.2,6694.3,6479,12
1572480000,6702.4,6706.5,6627.0,6644.0,9093,11
1572566400,6637.7,6697.2,6633.9,6697.2,4419,22
1572825600,6685.1,6724.7,6667.7,6717.7,3872,22
1572912000,6721.4,6721.4,6678.2,6711.2,6563,13
1572998400,6704.8,6716.8,6646.8,6679.8,5264,13
1573084800,6678.4,6764.6,6667.9,6742.0,6863,10
1573171200,6733.9,6753.8,6704.4,6745.8,6171,15
1573430400,6740.4,6793.7,6740.4,6786.7,3985,5
1573516800,6784.1,6790.1,6734.7,6766.8,5008,6
1573603200,6766.1,6773.4,6688.2,6717.9,6891,8
1573689600,6708.2,6767.9,6681.8,6751.8,15399,10
1573776000,6754.1,6800.8,6750.8,6787.7,6376,17
1574035200,6783.4,6792.0,6749.0,6775.0,8208,13
1574121600,6767.2,6835.2,6755.1,6777.2,8615,10
1574208000,6779.4,6779.4,6689.3,6707.4,12364,5
1574294400,6705.3,6707.8,6635.3,6706.8,16456,17
1574380800,6705.7,6732.9,6694.4,6724.9,9565,13
1574640000,6738.1,6769.3,6729.3,6769.3,7827,17
1574726400,6768.3,6801.8,6758.3,6780.7,7289,9
1574812800,6783.7,6877.6,6781.0,6874.6,7252,10
1574899200,6875.8,6897.8,6860.8,6894.8,6110,17
1574985600,6892.0,6898.9,6842.7,6856.8,6607,13
1575244800,6855.6,6893.3,6735.2,6778.3,11372,7
1575331200,6771.5,6775.5,6579.5,6634.5,15052,5
1575417600,6636.4,6669.7,6585.7,6666.7,15142,7
1575504000,6660.9,6716.4,6644.8,6680.5,10294,12
1575590400,6681.7,6746.9,6679.7,6732.6,8429,9
1575849600,6728.3,6751.3,6712.3,6722.3,7272,12
1575936000,6711.5,6735.8,6671.4,6717.4,16644,12
1576022400,6710.7,6762.7,6710.7,6718.7,9599,5
1576108800,6720.9,6744.2,6675.8,6720.3,10450,9
1576195200,6728.5,6788.2,6721.5,6782.2,15190,12
1576454400,6769.9,6890.2,6767.8,6870.2,7451,5
1576540800,6877.2,6884.1,6842.5,6867.1,8139,5
1576627200,6835.4,6871.5,6830.4,6845.6,4496,7
1576713600,6850.5,6879.8,6805.5,6814.6,6054,18
1576800000,6819.8,6831.7,6797.7,6805.7,6164,8
1577059200,6806.2,6810.6,6774.3,6786.3,6721,11
1577145600,6784.5,6797.1,6775.1,6780.3,2469,11
1577404800,6800.8,6827.0,6781.0,6789.0,6723,11
1577664000,6797.5,6812.4,6734.6,6744.6,9794,11
1577750400,6737.5,6746.7,6661.7,6661.9,5632,11
1577923200,6744.1,6746.1,6711.0,6744.1,1396,9
1578009600,6752.5,6788.9,6686.9,6725.4,19465,9
1578268800,6697.9,6773.0,6661.0,6770.0,13305,12
1578355200,6765.3,6869.0,6757.5,6825.0,8242,6
1578441600,6825.3,6896.6,6749.4,6878.0,11203,6
1578528000,6864.2,6897.1,6857.0,6895.1,5964,8
1578614400,6891.3,6939.2,6867.0,6878.0,5373,11
1578873600,6881.2,6929.4,6872.8,6928.4,4742,9
1578960000,6934.7,6990.5,6928.3,6978.5,8133,6
1579046400,6977.5,7035.6,6967.8,7018.6,5486,6
1579132800,7007.9,7085.8,7007.9,7079.8,5174,4
1579219200,7086.1,7106.9,7065.9,7104.9,8141,13
1579478400,7082.3,7101.0,7079.0,7094.7,7291,10
1579564800,7094.9,7104.5,7046.0,7080.1,13894,7
1579651200,7073.3,7153.8,7070.3,7122.8,13771,5
1579737600,7123.7,7135.2,7056.8,7117.9,16002,5
1579824000,7112.8,7128.6,7052.6,7064.6,19251,5
1580169600,6985.4,7051.5,6980.5,7045.5,8454,5
1580256000,7043.7,7059.7,7018.8,7030.8,6761,7
1580342400,7021.0,7043.8,6985.8,7030.7,14978,8
1580428800,7045.0,7063.0,6907.5,6911.4,12431,6
1580688000,6908.7,6949.8,6898.8,6928.8,11048,14
1580774400,6922.0,7012.0,6910.8,7007.0,8567,5
1580860800,7000.2,7038.0,6961.2,7035.0,10839,5
1580947200,7035.2,7067.2,7016.1,7058.2,8656,18
1581033600,7060.4,7071.4,7004.1,7035.2,9476,9
1581292800,7027.2,7060.2,6984.3,7053.3,8619,18
1581379200,7056.5,7077.4,7040.3,7061.3,10726,18
1581465600,7067.6,7130.4,7064.6,7125.4,4988,18
1581552000,7128.6,7148.1,7052.0,7109.1,8687,6
1581638400,7096.0,7139.9,7093.3,7106.9,5566,9
1581897600,7116.9,7139.2,7101.2,7129.2,3458,19
1581984000,7127.4,7127.4,7092.2,7121.2,7764,7
1582070400,7113.4,7166.5,7102.4,7161.5,4922,8
1582156800,7154.7,7200.9,7122.8,7158.9,8966,13
1582243200,7165.2,7169.2,7073.4,7089.1,9982,7
1582502400,7026.2,7043.0,6790.8,6835.8,18807,9
1582588800,6808.1,6903.7,6685.8,6714.8,24658,14
1582675200,6707.0,6761.3,6614.2,6662.3,31532,9
1582761600,6663.5,6725.8,6495.8,6548.0,34437,8
1582848000,6490.3,6512.9,6245.8,6317.9,43331,5
1583107200,6300.2,6403.3,6225.2,6327.2,40203,8
1583193600,6439.2,6522.4,6287.4,6310.5,22229,13
1583280000,6308.4,6430.3,6282.7,6421.3,11120,9
1583366400,6454.2,6454.2,6259.0,6274.0,17698,5
1583452800,6276.9,6276.9,6041.3,6068.3,16850,12
1583712000,6015.0,6016.0,5349.8,5435.8,23403,5
1583798400,5438.0,6038.2,5370.4,5999.8,31159,5
1583884800,6003.4,6003.4,5495.8,5528.8,15963,6
1583971200,5529.0,5644.7,4810.6,4886.1,27502,5
1584057600,4861.9,5678.5,4861.9,5650.5,28996,6
1584316800,5380.7,5386.7,4775.7,4841.7,19311,5
1584403200,4855.7,5336.5,4827.8,5281.9,21947,5
1584489600,5230.8,5233.7,4735.5,4848.5,22114,5
1584576000,4888.7,5104.0,4733.0,4966.0,24128,5
1584662400,4886.2,5024.1,4718.0,4718.0,20261,7
1584921600,4507.0,4804.1,4410.1,4545.1,24618,6
1585008000,4561.3,5025.5,4561.3,5014.5,21804,5
1585094400,5008.8,5266.7,4801.8,5160.7,19440,6
1585180800,5153.0,5345.8,5022.9,5323.8,18947,5
1585267200,5322.1,5329.3,4802.1,4853.0,17803,5
1585526400,4778.9,5285.6,4751.8,5263.9,22421,5
1585612800,5266.5,5393.2,5012.2,5171.5,23529,5
1585699200,5155.7,5303.4,5054.7,5080.7,23075,5
1585785600,5099.9,5297.9,5074.9,5270.2,22818,11
1585872000,5280.2,5284.2,5031.0,5091.7,19741,5
1586131200,5167.7,5463.4,5117.5,5417.4,18450,9
1586217600,5413.7,5450.4,5195.4,5208.4,23796,7
1586304000,5213.9,5345.6,5129.6,5268.6,21361,5
1586390400,5241.0,5467.7,5235.0,5463.7,13867,9
1586822400,5390.8,5537.7,5366.8,5514.6,19819,6
1586908800,5519.1,5551.9,5327.8,5359.8,22960,7
1586995200,5357.6,5466.6,5306.3,5451.4,15549,19
1587081600,5483.7,5584.4,5412.5,5482.5,14928,6
1587340800,5473.8,5508.6,5269.6,5331.6,15938,9
1587427200,5327.9,5359.7,5089.7,5109.7,20126,7
1587513600,5129.4,5334.2,5104.2,5305.2,15898,9
1587600000,5302.4,5302.4,5185.2,5225.1,17202,5
1587686400,5217.4,5332.2,5187.4,5310.2,10946,10
1587945600,5319.5,5353.3,5207.2,5329.3,16406,5
1588032000,5324.5,5396.2,5279.2,5337.2,10764,5
1588118400,5342.6,5487.3,5319.3,5484.3,11156,19
1588204800,5478.3,5564.1,5410.1,5430.1,15179,5
1588291200,5418.1,5442.1,5197.8,5238.8,15943,5
1588550400,5221.2,5368.9,5153.2,5343.9,18724,5
1588636800,5336.6,5439.3,5329.3,5410.3,11660,10
1588723200,5405.9,5429.6,5339.7,5353.7,12491,9
1588809600,5357.9,5412.7,5333.9,5375.6,12424,5
1588896000,5373.8,5432.6,5370.6,5404.6,10540,5
1589155200,5387.9,5492.7,5382.9,5458.7,10216,9
1589241600,5457.8,5480.8,5314.6,5315.5,11457,9
1589328000,5322.0,5445.8,5298.7,5366.8,15195,9
1589414400,5363.2,5389.0,5254.0,5356.0,16779,8
1589500800,5354.1,5448.9,5346.8,5438.9,14129,11
1589760000,5419.0,5606.8,5413.0,5588.8,10891,5
1589846400,5587.9,5617.6,5484.6,5491.8,14275,5
1589932800,5483.6,5613.5,5472.6,5600.9,17052,5
1590019200,5603.4,5637.7,5524.2,5532.8,18373,5
1590105600,5537.9,5581.2,5476.9,5570.8,16218,8
1590364800,5554.9,5681.0,5554.9,5670.1,7353,7
1590451200,5663.2,5814.2,5642.5,5739.1,11711,7
1590537600,5734.6,5836.9,5709.9,5820.9,21088,5
1590624000,5816.4,5926.8,5805.4,5828.3,24934,5
1590710400,5831.4,5835.4,5644.2,5721.3,18828,4
1590969600,5708.4,5853.4,5641.4,5834.3,19483,5
1591056000,5834.3,5874.8,5797.3,5861.2,18929,5
1591142400,5859.3,6006.6,5856.3,5996.3,21037,5
1591228800,5992.2,6043.5,5942.5,5982.2,26728,4
1591315200,5976.1,6147.4,5952.1,6096.5,24201,7
1591574400,6093.3,6145.9,6087.4,6139.4,11478,5
1591660800,6139.6,6199.9,6073.4,6094.5,22406,5
1591747200,6099.6,6183.9,6044.4,6060.5,23517,6
1591833600,6051.6,6090.9,5761.3,5779.3,21857,7
1591920000,5769.4,5891.1,5756.4,5835.3,24461,4
1592179200,5766.3,5884.9,5712.3,5880.9,21655,6
1592265600,5931.0,6026.0,5870.0,5995.9,15842,4
1592352000,5976.2,6037.0,5941.9,5982.1,18026,5
1592438400,5982.5,6018.2,5900.2,5978.4,24557,9
1592524800,5978.5,6024.2,5905.4,5913.4,19650,11
1592784000,5869.3,6002.5,5853.3,5993.5,20115,5
1592870400,5994.7,6035.4,5891.4,5988.6,19670,5
1592956800,5984.1,6009.9,5870.0,5892.0,18771,5
1593043200,5886.3,5934.1,5780.1,5891.2,23111,4
1593129600,5882.4,5931.1,5810.3,5810.3,21086,14
1593388800,5770.5,5939.8,5770.5,5928.8,16437,6
1593475200,5929.7,5977.5,5903.4,5941.7,14044,15
1593561600,5940.6,6017.6,5913.4,5993.6,11360,12
1593648000,5989.5,6136.5,5965.3,6101.5,11619,7
1593734400,6095.5,6127.3,6023.5,6054.5,7788,9
1593993600,6064.3,6104.4,6026.6,6073.6,11642,8
1594080000,6067.9,6102.7,6004.8,6006.9,12042,5
1594166400,6008.1,6044.9,5931.9,5993.0,14548,11
1594252800,5993.0,6020.8,5911.0,5944.9,16446,12
1594339200,5948.7,6025.7,5910.7,6024.6,18045,7
1594598400,6043.3,6045.3,5927.3,5940.3,12149,5
1594684800,5941.3,6013.3,5939.2,5995.2,19219,7
1594771200,6026.5,6129.3,6005.3,6106.2,19253,9
1594857600,6110.2,6116.9,6011.0,6044.2,16894,11
1594944000,6044.3,6072.1,6022.1,6058.2,9169,9
1595203200,6056.4,6076.3,5992.5,6064.4,13381,14
1595289600,6064.5,6198.3,6059.7,6126.5,13576,9
1595376000,6124.3,6151.0,6048.1,6102.3,10309,4
1595462400,6102.1,6136.9,6045.1,6059.1,12393,5
1595548800,6061.3,6073.1,6012.3,6022.3,11694,14
1595808000,6031.3,6096.3,5998.1,6088.3,10254,6
1595894400,6087.2,6136.0,6010.1,6014.2,9512,9
1595980800,6012.0,6087.0,6012.0,6081.0,8599,15
1596067200,6081.4,6086.2,5962.4,6041.4,11694,10
1596153600,6044.5,6054.5,5871.4,5931.5,17693,9
1596412800,5930.5,6040.5,5863.2,6025.5,11220,7
1596499200,6026.6,6076.4,6005.4,6037.6,13020,8
1596585600,6038.5,6051.3,5976.2,6040.4,11656,7
1596672000,6035.5,6077.2,6018.2,6038.4,9626,10
1596758400,6034.5,6061.5,5987.3,6058.5,9914,10
1597017600,6048.5,6136.3,6030.5,6111.5,8603,7
1597104000,6108.0,6197.8,6101.0,6141.9,14647,13
1597190400,6145.0,6200.0,6105.8,6175.9,13460,8
1597276800,6175.9,6177.6,6065.6,6088.3,10252,15
1597363200,6083.0,6140.8,6056.8,6070.0,8715,15
1597622400,6071.2,6105.2,6049.0,6090.2,7645,8
1597708800,6093.2,6139.9,6070.8,6102.1,7932,13
1597795200,6097.9,6188.7,6090.9,6133.8,8160,5
1597881600,6129.9,6133.9,6084.6,6115.9,8578,8
1597968000,6118.9,6154.7,6047.7,6089.9,8716,7
1598227200,6089.7,6164.7,6065.5,6159.7,7794,7
1598313600,6157.3,6194.1,6100.7,6121.3,11162,7
1598400000,6114.3,6129.2,6074.0,6124.2,7195,10
1598486400,6119.2,6155.9,6070.1,6098.1,9141,5
1598572800,6095.1,6106.1,5991.0,6026.0,10841,7
1598832000,6026.9,6088.7,5968.8,5986.9,9081,5
1598918400,5981.0,6001.1,5898.8,5963.9,14535,6
1599004800,5958.5,6116.6,5955.5,6104.6,9916,9
1599091200,6091.0,6130.7,5952.9,5994.9,14318,6
1599177600,5987.0,5996.0,5812.9,5877.9,18231,4
1599436800,5884.0,5972.5,5818.7,5956.5,12835,5
1599523200,5953.4,6025.2,5876.3,5890.4,17540,5
1599609600,5867.6,5965.6,5844.4,5934.6,15847,5
1599696000,5931.7,5964.5,5815.6,5829.7,17039,5
1599782400,5834.6,5876.4,5811.6,5846.6,14315,8
1600041600,5862.3,5918.1,5861.3,5889.3,9816,9
1600128000,5891.1,5951.1,5877.1,5939.1,6880,10
1600214400,5939.1,5979.0,5922.8,5947.7,8969,8
1600300800,5975.8,5975.8,5848.6,5890.8,17537,6
1600387200,5879.7,5917.5,5811.7,5845.7,10547,5
1600646400,5848.7,5865.4,5714.9,5759.7,18145,5
1600732800,5757.9,5857.9,5750.9,5840.8,13668,5
1600819200,5842.9,5956.6,5828.9,5857.9,14650,7
1600905600,5847.0,5898.0,5818.8,5872.0,16293,13
1600992000,5873.4,5973.2,5863.2,5960.4,13480,5
1601251200,5970.2,5994.5,5936.0,5990.3,10100,15
1601337600,5990.0,6006.0,5880.0,5890.0,10701,7
1601424000,5887.0,5912.7,5799.8,5823.0,15833,5
1601510400,5829.4,5913.2,5826.4,5851.4,12698,14
1601596800,5848.9,5871.8,5771.6,5863.8,15368,6
1601856000,5879.8,5968.8,5857.8,5955.8,11475,5
1601942400,5971.7,6004.7,5906.4,5927.7,11587,5
1602028800,5940.7,6064.7,5921.4,6054.7,10363,15
1602115200,6052.2,6123.0,6050.2,6105.2,9047,15
1602201600,6107.2,6127.0,6085.0,6101.2,6438,11
1602460800,6097.2,6179.2,6086.9,6167.2,6931,15
1602547200,6169.2,6215.0,6149.2,6154.2,9268,8
1602633600,6154.1,6197.9,6151.1,6154.8,8395,10
1602720000,6154.9,6231.0,6146.5,6187.1,10462,14
1602806400,6193.3,6223.4,6161.2,6194.4,9456,14
1603065600,6202.4,6250.2,6173.3,6195.4,11499,14
1603152000,6198.4,6240.2,6162.2,6177.4,10985,15
1603238400,6189.4,6205.2,6113.4,6130.4,11277,15
1603324800,6124.6,6192.6,6093.3,6182.6,10552,5
1603411200,6189.6,6193.6,6143.4,6178.6,8149,15
1603670400,6168.7,6206.5,6078.6,6101.7,10552,14
1603756800,6098.7,6111.4,5999.2,5999.2,10640,5
1603843200,6002.2,6071.5,5946.7,5961.8,14778,5
1603929600,5971.1,5999.9,5908.9,5955.0,14598,4
1604016000,5947.0,5984.7,5855.0,5971.0,15242,6
1604275200,5953.7,6000.8,5899.7,5952.9,24643,14
1604361600,5952.9,6090.4,5946.0,6067.5,11721,8
1604448000,6063.6,6130.6,5981.5,6074.6,31759,5
1604534400,6072.7,6197.6,6070.7,6175.7,14163,14
1604620800,6175.7,6240.6,6155.4,6206.6,12683,8
1604707200,6206.5,6224.4,6205.6,6223.4,230,96
1604880000,6221.9,6549.9,6211.8,6442.1,22972,8
1604966400,6439.1,6452.1,6328.8,6397.1,21669,6
1605052800,6397.0,6491.8,6397.0,6463.9,12693,14
1605139200,6467.0,6478.0,6380.5,6394.4,12660,8
1605225600,6390.5,6458.4,6375.2,6445.3,9471,8
1605312000,6441.4,6446.4,6438.4,6441.4,205,104
1605484800,6462.1,6518.2,6440.2,6488.3,10313,8
1605571200,6486.4,6527.2,6468.2,6509.3,8613,15
1605657600,6507.4,6570.4,6498.4,6505.4,8122,10
1605744000,6505.3,6568.7,6490.5,6562.6,9123,15
1605830400,6560.7,6582.6,6527.3,6568.6,7235,6
1605916800,6568.5,6568.5,6550.6,6559.6,237,16
1606089600,6556.6,6612.9,6554.9,6592.9,8241,5
1606176000,6592.8,6691.9,6585.9,6682.8,7593,5
1606262400,6680.9,6709.6,6648.7,6672.7,13889,15
1606348800,6672.7,6690.4,6616.6,6622.6,8202,15
1606435200,6620.7,6643.6,6588.4,6639.6,10634,5
1606521600,6635.7,6635.7,6635.7,6635.7,60,104
1606694400,6629.2,6642.2,6503.2,6520.4,16945,11
1606780800,6516.4,6637.3,6509.1,6620.3,8881,12
1606867200,6620.2,6625.1,6557.1,6613.3,8422,13
1606953600,6613.2,6640.9,6598.7,6610.9,6578,15
1607040000,6610.8,6680.9,6606.7,6679.9,6112,13
1607126400,6679.8,6679.8,6659.9,6665.9,170,16
1607299200,6677.7,6713.7,6636.6,6659.8,8650,10
1607385600,6656.9,6722.6,6637.9,6716.6,8460,5
1607472000,6712.7,6744.5,6670.6,6696.6,16441,7
1607558400,6693.7,6712.4,6637.4,6646.6,10756,12
1607644800,6642.7,6670.3,6580.2,6628.5,10302,14
1607731200,6628.4,6628.5,6616.5,6618.5,156,46
1607904000,6646.2,6692.3,6638.5,6643.4,10757,14
1607990400,6642.4,6685.3,6621.2,6680.3,7482,14
1608076800,6681.3,6719.1,6671.3,6704.3,9480,9
1608163200,6704.2,6773.1,6698.0,6752.3,5857,14
1608249600,6752.3,6754.3,6655.3,6664.3,7221,11
1608336000,6663.3,6686.5,6658.3,6678.3,342,14
1608508800,6665.8,6675.9,6561.8,6629.0,15634,9
1608595200,6625.1,6649.4,6560.9,6637.6,10169,5
1608681600,6633.7,6686.7,6617.5,6677.6,7365,5
1608768000,6674.7,6696.3,6642.3,6662.4,1834,9
1609200000,6716.0,6720.0,6659.2,6666.1,6684,8
1609286400,6666.2,6687.0,6621.8,6641.9,6280,8
1609372800,6641.0,6672.0,6572.0,6593.0,2272,18
1609718400,6608.8,6705.9,6595.8,6642.0,12703,11
1609804800,6638.1,6674.7,6618.7,6647.8,12063,5
1609891200,6644.9,6736.7,6559.4,6695.6,15388,5
1609977600,6690.7,6746.6,6671.4,6724.5,9209,6
1610064000,6721.6,6759.5,6704.3,6757.4,8534,15
1610150400,6753.5,6770.5,6753.5,6769.5,213,104
1610323200,6736.6,6751.7,6663.7,6690.8,11809,14
1610409600,6688.9,6728.2,6636.3,6666.3,12062,10
1610496000,6663.4,6685.3,6646.0,6678.2,9579,8
1610582400,6674.3,6726.1,6658.9,6700.0,7688,13
1610668800,6696.1,6745.8,6657.0,6681.9,9874,7
1610755200,6679.0,6680.0,6656.0,6658.0,284,42
1610928000,6676.8,6697.0,6639.8,6691.9,6327,13
1611014400,6689.0,6749.2,6689.0,6743.1,6340,14
1611100800,6740.2,6813.2,6736.2,6809.1,8218,14
1611187200,6805.2,6832.9,6793.8,6810.0,5686,14
1611273600,6807.1,6812.8,6756.8,6803.9,6566,14
1611360000,6800.0,6804.0,6792.0,6793.0,133,104
1611532800,6800.7,6828.8,6753.0,6823.9,9468,12
1611619200,6822.0,6829.9,6783.8,6800.0,4083,15
1611705600,6798.1,6812.0,6683.1,6691.1,12562,11
1611792000,6687.2,6745.6,6586.9,6716.5,17187,5
1611878400,6713.6,6725.4,6535.6,6564.6,18464,5
1611964800,6564.6,6582.7,6550.9,6559.7,442,86
1612137600,6565.4,6705.9,6507.4,6701.0,16461,9
1612224000,6697.1,6812.2,6690.4,6803.2,16085,8
1612310400,6799.3,6855.1,6791.1,6816.3,7955,7
1612396800,6813.4,6828.4,6750.1,6826.3,6483,9
1612483200,6825.3,6865.9,6809.0,6839.2,5763,10
1612569600,6839.1,6840.2,6828.2,6830.2,150,16
1612742400,6832.4,6896.3,6832.3,6858.5,5522,5
1612828800,6853.6,6883.6,6798.7,6821.8,5661,15
1612915200,6822.8,6864.7,6801.9,6827.8,6857,15
1613001600,6827.9,6870.1,6823.2,6843.2,5879,11
1613088000,6840.2,6847.7,6790.7,6839.9,5346,15
1613174400,6839.9,6841.0,6833.0,6834.0,141,26
1613347200,6836.6,6899.4,6835.6,6890.4,5831,13
1613433600,6887.5,6913.2,6868.2,6888.3,7293,15
1613520000,6888.3,6915.2,6830.4,6856.3,9255,10
1613606400,6854.4,6899.0,6837.2,6858.2,7752,15
1613692800,6855.3,6869.0,6758.0,6772.2,7103,7
1613779200,6772.2,6772.2,6758.3,6759.3,189,26
1613952000,6782.2,6807.2,6731.2,6751.4,9427,6
1614038400,6748.5,6837.3,6747.5,6813.5,10662,13
1614124800,6810.6,6825.9,6743.0,6811.9,10207,5
1614211200,6811.9,6859.7,6727.0,6737.9,16885,14
1614297600,6735.0,6755.0,6646.9,6696.6,18788,4
1614384000,6694.7,6699.7,6673.7,6691.7,449,104
1614556800,6712.1,6855.3,6692.1,6844.3,11700,8
1614643200,6841.4,6859.6,6738.7,6767.7,16695,6
1614729600,6767.7,6822.7,6759.8,6764.8,10239,5
1614816000,6760.9,6801.2,6702.0,6735.2,21031,5
1614902400,6735.2,6808.9,6652.7,6797.9,25965,6
1614988800,6796.0,6804.0,6795.0,6800.0,192,104
1615161600,6817.7,6834.8,6718.0,6778.9,18167,13
1615248000,6779.9,6810.0,6744.0,6792.2,11047,10
1615334400,6792.1,6806.0,6698.0,6738.1,10706,11
1615420800,6734.2,6759.3,6642.1,6752.3,11249,8
1615507200,6748.4,6780.1,6720.1,6763.2,7532,14
1615593600,6760.3,6765.3,6758.3,6759.3,162,104
1615766400,6758.9,6802.0,6721.8,6797.1,7123,7
1615852800,6787.6,6858.6,6770.6,6802.9,6145,7
1615939200,6802.6,6817.6,6754.6,6769.8,8401,4
1616025600,6781.5,6800.5,6687.7,6698.7,9615,11
1616112000,6687.1,6731.1,6658.1,6678.3,10195,15
1616371200,6687.0,6758.0,6679.0,6724.2,6579,5
1616457600,6742.6,6779.6,6718.1,6738.9,7264,6
1616544000,6742.6,6797.7,6723.6,6756.8,6907,11
1616630400,6762.9,6800.2,6735.2,6792.2,10060,14
1616716800,6801.3,6869.6,6798.3,6863.6,10007,5
1616976000,6855.3,6856.3,6758.6,6819.6,14275,14
1617062400,6826.6,6830.5,6719.6,6780.8,7377,9
1617148800,6778.0,6857.0,6764.0,6797.2,6154,7
1617235200,6802.0,6849.0,6771.0,6843.0,4003,13
1617667200,6896.0,6915.1,6861.1,6871.2,5658,8
1617753600,6871.2,6955.0,6871.2,6949.0,5398,8
1617840000,6945.1,7007.8,6943.0,6980.0,4697,15
1617926400,6985.2,6999.9,6953.9,6990.1,4470,15
1618185600,6993.3,6997.3,6949.0,6975.2,5284,15
1618272000,6974.3,6993.0,6948.0,6985.2,5189,14
1618358400,6984.3,7022.0,6963.2,6975.3,5271,9
1618444800,6975.2,7087.0,6960.3,7069.2,5540,11
1618531200,7069.0,7093.8,7019.7,7083.8,5043,8
1618617600,7083.8,7083.8,7083.8,7083.8,1,75
1618790400,7076.8,7087.5,7023.7,7035.7,6338,15
1618876800,7043.8,7049.7,6917.7,6931.7,7063,6
1618963200,6930.7,7027.7,6891.4,7013.6,9111,5
1619049600,7012.7,7065.6,6981.5,7024.6,10368,14
1619136000,7029.7,7071.7,7008.7,7045.7,7616,13
1619395200,7047.8,7066.6,7024.6,7044.7,6791,14
1619481600,7042.7,7055.5,6996.4,7033.7,7354,14
1619568000,7039.7,7088.6,7022.5,7077.6,5445,5
1619654400,7073.7,7095.5,7039.6,7061.6,7551,5
1619740800,7062.8,7062.8,6999.7,7003.7,6254,15
1620000000,7018.7,7058.4,7005.4,7033.6,7645,15
1620086400,7030.7,7083.4,7002.6,7028.6,10644,15
1620172800,7029.3,7118.2,7020.3,7091.2,9377,9
1620259200,7089.3,7115.0,7029.3,7062.3,8571,5
1620345600,7064.9,7096.9,7041.6,7074.9,6678,15
1620604800,7067.9,7167.6,7063.9,7106.8,5630,5
1620691200,7106.0,7140.7,6986.9,7035.9,10522,7
1620777600,7033.0,7086.7,6994.7,7001.9,13459,14
1620864000,6981.5,7035.3,6898.1,7022.3,11936,14
1620950400,7018.2,7056.2,6996.2,7049.2,6623,10
1621209600,7041.2,7061.0,6989.0,7027.2,8012,15
1621296000,7026.3,7079.1,6976.3,6979.3,6649,15
1621382400,6974.2,6996.2,6832.2,6929.2,12860,5
1621468800,6925.0,7050.0,6898.7,7039.0,8681,14
1621555200,7045.9,7061.6,6994.6,7022.9,7051,12
1621814400,7010.8,7072.8,7007.3,7062.8,5259,6
1621900800,7062.4,7114.2,7054.1,7079.4,5060,6
1621987200,7074.4,7134.2,7061.2,7088.4,5447,8
1622073600,7087.5,7146.4,7067.0,7142.4,6767,9
1622160000,7137.9,7201.8,7134.9,7174.8,8221,10
1622419200,7181.3,7204.4,7115.6,7123.6,6849,15
1622505600,7126.7,7194.4,7109.4,7154.6,9699,5
1622592000,7157.7,7235.6,7136.7,7222.6,8640,10
1622678400,7222.7,7279.5,7214.4,7260.6,11159,15
1622764800,7255.7,7306.6,7238.4,7297.6,9246,15
1623024000,7299.5,7312.2,7259.5,7279.4,8324,13
1623110400,7276.5,7324.4,7265.2,7309.4,9116,15
1623196800,7306.7,7334.4,7253.4,7263.6,5549,15
1623283200,7259.7,7325.6,7250.7,7303.6,6280,11
1623369600,7301.5,7355.4,7270.2,7347.4,5087,9
1623715200,7347.2,7397.2,7347.2,7368.4,5748,6
1623801600,7372.5,7407.3,7359.4,7382.4,7096,15
1623888000,7382.4,7402.2,7330.1,7389.2,7660,4
1623974400,7385.2,7401.2,7254.1,7254.1,8235,14
1624233600,7277.4,7341.3,7199.1,7329.3,9187,12
1624320000,7323.7,7358.4,7304.4,7331.6,12531,14
1624406400,7334.0,7347.0,7245.0,7253.0,5258,15
1624492800,7248.8,7318.7,7239.6,7311.7,4900,11
1624579200,7306.8,7328.5,7279.7,7297.9,4674,15
1624838400,7304.7,7314.6,7261.8,7274.9,5916,15
1624924800,7262.8,7338.8,7229.5,7324.7,10486,14
1625011200,7326.0,7365.7,7251.0,7293.2,8075,15
1625097600,7294.9,7310.7,7225.7,7279.9,7182,7
1625184000,7278.5,7323.3,7265.3,7305.4,11453,14
1625443200,7303.6,7333.4,7292.7,7318.9,6134,15
1625529600,7322.5,7336.3,7207.4,7237.5,7274,9
1625616000,7233.7,7340.7,7211.0,7329.7,7264,5
1625702400,7327.9,7370.7,7230.8,7280.8,12323,5
1625788800,7280.9,7342.8,7205.6,7333.8,8178,5
1626048000,7333.7,7353.7,7301.5,7344.7,8539,13
1626134400,7344.9,7373.6,7314.7,7327.8,6518,5
1626220800,7332.7,7379.7,7319.4,7334.7,7408,15
1626307200,7329.8,7360.5,7295.5,7312.8,8579,6
1626393600,7306.1,7354.9,7289.1,7308.1,7770,14
1626652800,7291.1,7295.8,7168.0,7201.0,13831,14
1626739200,7198.1,7298.0,7187.8,7288.1,12817,9
1626825600,7285.6,7376.6,7285.6,7368.6,10469,6
1626912000,7361.6,7387.4,7337.4,7357.6,5852,15
1626998400,7353.5,7419.5,7341.3,7412.5,4521,11
1627257600,7414.4,7416.4,7366.2,7405.4,6272,5
1627344000,7405.6,7434.4,7372.5,7386.5,8536,5
1627430400,7386.4,7419.1,7337.4,7379.4,11409,11
1627516800,7382.6,7452.6,7369.3,7416.6,6598,8
1627603200,7411.4,7422.2,7360.4,7416.5,7469,8
1627862400,7432.8,7499.6,7411.8,7451.8,6865,6
1627948800,7445.8,7483.8,7439.8,7464.6,7084,6
1628035200,7465.8,7502.8,7456.5,7480.6,6111,15
1628121600,7480.6,7516.6,7473.6,7505.4,5061,15
1628208000,7500.6,7561.6,7485.4,7559.4,4832,6
1628467200,7542.7,7554.5,7513.1,7547.3,4900,15
1628553600,7548.6,7572.6,7523.4,7567.4,5005,13
1628640000,7559.2,7605.0,7556.2,7590.4,5250,13
1628726400,7578.9,7618.8,7564.6,7608.6,4734,9
1628812800,7603.9,7641.7,7596.9,7612.7,4340,5
1629072000,7613.9,7618.7,7555.4,7588.2,7139,7
1629158400,7573.8,7586.5,7436.8,7477.6,8256,14
1629244800,7474.3,7535.1,7438.2,7449.1,7506,9
1629331200,7443.6,7494.6,7403.4,7476.4,12791,5
1629417600,7475.4,7511.1,7428.1,7490.1,8880,13
1629676800,7482.2,7509.2,7458.0,7502.0,5960,10
1629763200,7506.0,7533.0,7478.8,7516.8,5420,7
1629849600,7514.2,7544.0,7505.2,7523.0,4878,15
1629936000,7520.6,7524.0,7467.6,7474.4,7269,15
1630022400,7469.1,7511.1,7455.1,7499.9,5553,4
1630281600,7500.0,7532.6,7467.8,7518.5,4555,15
1630368000,7526.4,7567.2,7494.7,7507.5,6905,9
1630454400,7502.1,7537.2,7461.9,7508.1,7006,10
1630540800,7450.8,7509.4,7431.2,7496.1,6083,15
1630627200,7493.4,7537.5,7480.4,7495.5,8607,6
1630886400,7471.1,7543.9,7432.6,7533.7,5114,6
1630972800,7530.0,7536.7,7481.8,7502.8,6999,14
1631059200,7469.2,7515.0,7461.2,7474.0,9585,11
1631145600,7445.6,7473.4,7326.4,7386.4,10112,6
1631232000,7380.4,7427.2,7357.4,7359.2,9004,13
1631491200,7350.5,7449.1,7345.5,7414.1,9047,15
1631577600,7404.0,7440.8,7380.8,7385.7,8175,15
1631664000,7382.8,7447.7,7369.5,7428.6,10071,9
1631750400,7435.5,7482.3,7417.4,7441.2,7523,15
1631836800,7440.6,7449.8,7312.3,7322.1,12559,15
1632096000,7323.4,7331.1,7090.4,7139.2,16208,15
1632182400,7136.0,7305.9,7127.0,7244.8,11977,11
1632268800,7243.0,7333.9,7213.7,7304.7,11086,15
1632355200,7299.7,7383.4,7299.7,7376.4,6990,10
1632441600,7373.0,7383.7,7273.6,7319.7,7202,12
1632700800,7331.0,7409.7,7320.9,7326.7,7363,9
1632787200,7327.0,7342.7,7154.0,7171.8,11301,6
1632873600,7177.6,7244.6,7131.4,7215.4,12290,15
1632960000,7215.6,7333.4,7187.6,7197.4,12188,15
1633046400,7198.6,7222.3,7120.6,7197.4,15333,9
1633305600,7265.4,7295.4,7166.5,7196.6,14541,15
1633392000,7198.6,7286.6,7188.4,7269.6,12099,5
1633478400,7270.6,7281.3,7126.4,7215.4,14325,15
1633564800,7216.5,7302.7,7211.3,7280.8,9871,9
1633651200,7282.8,7318.7,7251.5,7282.8,12969,15
1633910400,7273.6,7305.2,7232.5,7253.3,11898,15
1633996800,7248.2,7321.9,7232.4,7267.2,11498,9
1634083200,7267.4,7306.8,7238.1,7298.4,9195,8
1634169600,7297.6,7366.6,7296.6,7364.6,6920,15
1634256000,7359.6,7386.0,7313.8,7384.1,7110,15
1634515200,7377.8,7386.8,7329.0,7348.1,6504,14
1634601600,7349.1,7408.0,7340.1,7399.2,5749,9
1634688000,7397.1,7442.8,7392.1,7407.1,6043,15
1634774400,7412.1,7440.8,7382.3,7390.4,6875,15
1634860800,7389.9,7439.8,7365.6,7422.7,7265,9
1635120000,7420.6,7476.8,7406.6,7454.9,5881,15
1635206400,7456.8,7465.6,7421.9,7433.9,6069,15
1635292800,7432.9,7470.7,7394.9,7404.9,6504,15
1635379200,7405.4,7441.3,7397.1,7435.4,6689,15
1635465600,7436.1,7439.1,7282.1,7376.1,8225,15
1635724800,7380.6,7390.1,7315.6,7372.9,7437,7
1635811200,7367.9,7393.9,7300.9,7377.9,6523,13
1635897600,7381.9,7430.7,7365.6,7420.9,5735,6
1635984000,7420.8,7450.9,7396.7,7432.9,5741,15
1636070400,7422.2,7488.2,7422.2,7465.2,5358,15
1636329600,7462.3,7473.4,7428.4,7460.3,6040,15
1636416000,7449.1,7466.1,7420.4,7446.1,8443,14
1636502400,7436.1,7459.1,7395.3,7410.1,6179,12
1636588800,7407.2,7425.4,7321.2,7411.2,6475,15
1636675200,7412.3,7462.3,7408.3,7443.3,4671,15
1636934400,7445.5,7475.5,7428.7,7431.5,4367,15
1637020800,7441.6,7447.9,7396.7,7427.6,5218,15
1637107200,7416.6,7432.6,7336.5,7370.5,5828,5
1637193600,7368.8,7397.9,7336.8,7374.8,5252,8
1637280000,7372.9,7403.9,7331.8,7348.8,7173,12
1637539200,7354.8,7377.2,7329.8,7340.0,8053,13
1637625600,7346.5,7416.7,7341.5,7406.5,11890,6
1637712000,7402.4,7420.4,7352.6,7398.4,9463,15
1637798400,7398.3,7409.5,7365.3,7405.3,5266,15
1637884800,7395.4,7399.4,7150.9,7164.7,20037,15
1638144000,7196.8,7277.8,7184.8,7252.8,13962,15
1638230400,7271.8,7333.8,7124.6,7196.8,17818,9
1638316800,7216.6,7288.9,7158.7,7159.6,13600,15
1638403200,7151.9,7289.2,7151.0,7270.1,16810,11
1638489600,7268.0,7299.3,7197.3,7249.0,13927,15
1638748800,7238.1,7328.5,7206.1,7310.3,13493,7
1638835200,7309.4,7398.5,7269.4,7379.3,8295,15
1638921600,7380.4,7448.4,7354.4,7389.8,8338,15
1639008000,7388.8,7421.8,7359.5,7367.3,6507,13
1639094400,7355.4,7387.4,7334.0,7367.4,6672,15
1639353600,7373.4,7422.4,7337.8,7343.6,7925,15
1639440000,7341.6,7400.7,7317.6,7342.3,8143,15
1639526400,7352.3,7370.3,7287.1,7352.8,9961,15
1639612800,7350.7,7354.7,7282.7,7309.7,10397,15
1639699200,7322.4,7360.4,7272.4,7273.4,10608,5
1639958400,7296.5,7308.7,7247.5,7302.4,14058,7
1640044800,7304.7,7381.9,7301.7,7372.6,7880,5
1640131200,7371.5,7413.7,7335.5,7412.4,5986,5
1640217600,7394.3,7451.4,7379.2,7441.2,6143,9
1640304000,7445.2,7446.2,7416.2,7430.2,1824,18
1640736000,7506.2,7546.4,7492.2,7518.2,7576,15
1640822400,7529.1,7552.3,7507.1,7521.1,4433,15
1640908800,7470.8,7488.8,7424.8,7438.8,1048,20
1641254400,7496.9,7655.0,7489.8,7604.8,14620,14
1641340800,7621.8,7629.8,7511.0,7511.8,8872,15
1641427200,7504.8,7512.8,7338.8,7428.8,13696,8
1641513600,7440.7,7488.7,7398.9,7440.7,12582,15
1641772800,7450.2,7455.2,7327.4,7395.2,10346,7
1641859200,7405.1,7454.3,7373.3,7447.1,9608,15
1641945600,7450.1,7468.1,7419.1,7440.1,7918,12
1642032000,7453.5,7481.5,7408.7,7415.5,8519,15
1642118400,7424.4,7433.5,7371.7,7413.4,11557,7
1642377600,7405.6,7436.9,7374.6,7429.7,5600,5
1642464000,7427.7,7440.7,7321.8,7338.6,11703,4
1642550400,7346.8,7377.8,7294.9,7323.7,13008,14
1642636800,7312.7,7350.7,7264.8,7268.6,11693,15
1642723200,7261.5,7274.4,7089.3,7089.3,15929,6
1642982400,7105.4,7156.5,6859.7,7049.4,27452,5
1643068800,7077.5,7083.5,6899.7,7006.5,28069,15
1643155200,7021.4,7074.4,7007.4,7072.4,1909,4
1643241600,7007.4,7009.4,6748.4,6899.3,26502,13
1643328000,6922.6,7020.5,6826.5,6984.4,27905,5
1643587200,6968.4,7001.7,6903.4,6987.4,15867,5
1643673600,6990.2,7056.3,6935.1,7052.1,17684,15
1643760000,7057.8,7102.8,7045.8,7075.7,9896,15
1643846400,7060.7,7074.7,6991.7,6992.6,12065,15
1643932800,7037.7,7134.7,7019.8,7080.6,14049,5
1644192000,7070.2,7119.2,7034.2,7090.1,14336,12
1644278400,7097.3,7204.5,7093.3,7192.2,12122,5
1644364800,7220.1,7281.2,7175.1,7280.9,9440,9
1644451200,7296.0,7333.0,7209.2,7215.9,14003,13
1644537600,7223.2,7249.2,7151.4,7161.1,12672,10
1644796800,7178.6,7255.6,7125.7,7165.5,21997,5
1644883200,7196.4,7263.7,7173.5,7258.4,19121,5
1644969600,7261.0,7298.1,7202.9,7288.9,15398,15
1645056000,7307.6,7352.6,7212.9,7215.6,14198,5
1645142400,7214.8,7259.9,7169.1,7175.8,13007,7
1645401600,7164.1,7258.5,7145.1,7166.4,16028,6
1645488000,7147.1,7228.1,7104.1,7155.1,21985,8
1645574400,7147.7,7209.7,7094.9,7104.7,14671,8
1645660800,7066.8,7087.3,6930.3,7060.2,37477,7
1645747200,7064.2,7153.2,6949.2,7149.1,21389,9
1646006400,7037.5,7134.7,6972.5,7072.4,22160,9
1646092800,7088.1,7155.1,6984.2,7017.0,18808,5
1646179200,7033.3,7195.3,7028.3,7186.3,25163,12
1646265600,7171.4,7193.4,7066.5,7084.3,15239,5
1646352000,7104.5,7146.6,7015.5,7135.4,20686,6
1646611200,7121.3,7131.3,6983.6,7034.6,26296,5
1646697600,7016.6,7061.8,6911.8,6960.6,22946,6
1646784000,6973.9,7109.9,6963.9,7069.8,19531,7
1646870400,7061.1,7162.1,7055.1,7090.1,19548,11
1646956800,7112.8,7181.8,7041.8,7072.8,17093,15
1647216000,7092.7,7166.7,7061.8,7090.4,15333,6
1647302400,7089.2,7148.6,7032.4,7131.3,16730,5
1647388800,7133.2,7290.6,7117.1,7281.6,15073,9
1647475200,7284.9,7303.9,7212.3,7279.2,14601,4
1647561600,7281.6,7362.8,7243.0,7361.8,11069,9
1647820800,7342.0,7369.2,7249.8,7350.8,9645,15
1647907200,7347.9,7386.3,7334.1,7368.9,7658,9
1647993600,7369.6,7390.8,7317.6,7333.6,8103,9
1648080000,7330.4,7419.8,7323.6,7413.4,8832,14
1648166400,7413.4,7447.8,7386.6,7440.4,8400,6
1648425600,7430.2,7449.7,7386.7,7433.7,11075,5
1648512000,7434.7,7540.0,7430.7,7515.7,9538,9
1648598400,7515.2,7554.6,7503.5,7525.2,8617,14
1648684800,7526.3,7555.5,7461.5,7462.5,12580,5
1648771200,7470.3,7523.7,7465.5,7515.5,11573,5
1649030400,7508.6,7562.6,7484.2,7555.6,6314,16
1649116800,7546.1,7571.4,7449.5,7472.5,7160,15
1649203200,7466.1,7493.4,7417.5,7469.5,10191,14
1649289600,7468.0,7501.4,7427.4,7490.4,9491,16
1649376000,7482.0,7531.4,7456.3,7508.4,7305,16
1649635200,7507.0,7522.3,7461.4,7465.5,9114,15
1649721600,7463.9,7506.2,7425.2,7445.4,10397,15
1649808000,7447.9,7509.4,7446.9,7506.4,7619,6
1649894400,7496.8,7552.3,7485.8,7533.3,4180,15
1650326400,7524.3,7627.2,7508.9,7625.1,8140,4
1650412800,7616.5,7622.8,7560.8,7588.0,8695,15
1650499200,7593.5,7622.0,7516.9,7524.9,9216,4
1650585600,7530.3,7540.3,7355.8,7363.8,11049,14
1650844800,7315.3,7324.5,7215.5,7320.6,10672,6
1650931200,7306.1,7340.4,7203.6,7208.6,13357,15
1651017600,7228.2,7316.7,7215.2,7285.7,18684,5
1651104000,7300.1,7433.6,7293.1,7420.6,12346,8
1651190400,7392.4,7443.4,7326.5,7332.6,11486,9
1651449600,7340.2,7363.4,7269.6,7325.6,18416,4
1651536000,7322.2,7366.7,7288.5,7347.7,14370,5
1651622400,7355.7,7364.0,7238.1,7346.2,11556,13
1651708800,7342.8,7368.1,7195.3,7231.2,14775,10
1651795200,7226.4,7249.7,7093.5,7155.5,17308,13
1652054400,7113.2,7156.4,7003.6,7018.6,6914,8
1652140800,7028.6,7101.0,6932.8,7041.1,11336,6
1652227200,7022.5,7104.5,6986.8,7021.8,41965,13
1652313600,7017.4,7028.4,6880.4,6918.6,53950,3
1652400000,6926.4,7125.4,6926.4,7113.6,25745,13
1652659200,7130.8,7154.4,7073.4,7102.6,35015,3
1652745600,7106.2,7188.2,7094.2,7183.4,29398,13
1652832000,7181.7,7199.7,7041.1,7045.9,27579,13
1652918400,7038.8,7085.7,6987.7,7047.0,44945,13
1653004800,7046.1,7173.1,7046.1,7128.4,27179,13
1653264000,7159.6,7193.2,7110.2,7167.4,34977,13
1653350400,7128.0,7164.1,7084.1,7129.3,36384,13
1653436800,7128.1,7187.2,7111.2,7153.4,34200,13
1653523200,7152.9,7193.0,7098.4,7174.1,24824,13
1653609600,7172.6,7272.0,7156.7,7268.8,19634,13
1653868800,7260.3,7298.9,7236.9,7280.0,12950,13
1653955200,7275.5,7292.0,7172.6,7181.8,35787,13
1654041600,7177.6,7242.0,7153.6,7173.8,31295,13
1654128000,7173.6,7251.6,7145.6,7243.8,28142,13
1654214400,7238.6,7257.6,7185.6,7203.8,25334,13
1654473600,7199.3,7238.9,7190.9,7202.1,25521,13
1654560000,7199.0,7216.0,7076.0,7143.2,23570,13
1654646400,7140.7,7164.7,7067.7,7076.9,23496,3
1654732800,7056.9,7087.3,6956.9,6961.1,26652,13
1654819200,6962.0,6981.4,6745.0,6810.2,28686,8
1655078400,6713.4,6733.0,6603.2,6628.0,21476,13
1655164800,6628.4,6707.2,6567.2,6630.0,30371,13
1655251200,6632.0,6684.6,6546.9,6627.1,26912,2
1655337600,6633.0,6700.6,6422.2,6438.8,33377,13
1655424000,6435.2,6510.2,6411.2,6449.4,27468,13
1655683200,6468.8,6513.4,6411.4,6500.6,15648,13
1655769600,6498.4,6585.4,6473.4,6570.7,19222,13
1655856000,6565.6,6575.6,6472.4,6523.9,25012,13
1655942400,6519.3,6570.4,6490.4,6527.7,24393,13
1656028800,6526.9,6693.9,6507.9,6684.2,14393,13
1656288000,6667.1,6748.7,6660.1,6706.0,19254,13
1656374400,6707.7,6812.9,6696.3,6706.0,20291,13
1656460800,6694.0,6738.0,6674.0,6699.2,20633,13
1656547200,6695.7,6706.1,6493.7,6575.9,24712,13
1656633600,6579.9,6656.9,6534.2,6652.1,24187,13
1656892800,6634.5,6676.1,6602.7,6641.7,10516,13
1656979200,6638.6,6687.6,6519.2,6581.4,22774,13
1657065600,6587.7,6664.2,6576.1,6635.1,25098,2
1657152000,6635.3,6722.7,6600.2,6708.5,15377,2
1657238400,6708.9,6723.9,6659.6,6702.1,18381,7
1657497600,6685.0,6711.0,6597.0,6629.8,17609,2
1657584000,6626.7,6659.4,6595.4,6613.9,19388,2
1657670400,6616.8,6660.9,6559.5,6624.0,24780,8
1657756800,6624.2,6668.9,6535.9,6596.4,23239,2
1657843200,6593.1,6670.8,6540.8,6663.3,16215,2
1658102400,6665.0,6732.6,6613.9,6668.1,13655,2
1658188800,6663.9,6740.6,6635.6,6733.1,14643,2
1658275200,6732.2,6785.9,6722.9,6742.5,16672,8
1658361600,6750.2,6808.9,6733.3,6796.5,18459,2
1658448000,6796.3,6838.0,6764.2,6789.8,16066,2
1658707200,6787.6,6831.2,6772.4,6815.5,16838,2
1658793600,6811.4,6828.4,6764.8,6783.6,13732,2
1658880000,6777.0,6899.0,6777.0,6882.2,15181,2
1658966400,6876.1,6968.5,6845.5,6962.3,17031,2
1659052800,6951.9,7025.9,6940.3,7015.2,14992,7
1659312000,6991.2,7029.8,6959.8,6984.0,15220,8
1659398400,6983.0,7046.0,6956.0,7000.2,19110,8
1659484800,6999.5,7028.6,6919.9,7016.7,15242,2
1659571200,7015.2,7025.8,6977.4,6998.4,15214,8
1659657600,6998.7,7024.9,6971.1,7011.9,14077,2
1659916800,6995.7,7051.7,6986.7,7024.3,13711,2
1660003200,7019.3,7045.8,6991.4,6998.6,12811,2
1660089600,6995.4,7066.4,6984.8,7057.6,12305,8
1660176000,7050.9,7086.9,7040.7,7049.1,13111,8
1660262400,7044.4,7084.2,7014.8,7074.6,10608,2
1660521600,7055.3,7107.9,7049.9,7098.1,10167,2
1660608000,7096.4,7139.4,7082.2,7116.6,10876,2
1660694400,7116.6,7139.6,7086.0,7105.8,11502,2
1660780800,7098.8,7141.8,7081.8,7131.0,9675,8
1660867200,7133.7,7142.7,7070.7,7080.9,9376,7
1661126400,7062.2,7071.2,6977.0,6994.3,12089,2
1661212800,6997.3,7020.1,6933.5,6964.6,13615,2
1661299200,6959.6,7021.1,6958.3,7017.9,11407,2
1661385600,7012.5,7076.6,7006.2,7063.8,10416,0
1661472000,7061.7,7134.7,6991.8,7002.9,11090,2
1661731200,6982.8,6996.4,6929.6,6979.6,15388,8
1661817600,6977.2,7035.2,6927.6,6943.3,12545,8
1661904000,6931.6,6992.6,6899.6,6914.8,14458,8
1661990400,6869.2,6911.4,6792.2,6843.5,13751,8
1662076800,6841.7,6931.1,6802.7,6821.9,10646,8
1662336000,6797.4,6914.6,6792.4,6856.2,8381,8
1662422400,6847.2,6925.9,6782.2,6791.4,13672,6
1662508800,6792.6,6831.4,6713.6,6766.8,12485,8
1662595200,6809.4,6859.1,6713.5,6854.1,12770,8
1662681600,6854.1,6969.1,6834.1,6961.1,10788,8
1662940800,6960.4,7020.4,6944.0,7000.5,11096,8
1663027200,7001.6,7037.3,6837.9,6842.7,18573,8
1663113600,6846.8,6860.8,6791.4,6836.6,19549,8
1663200000,6823.1,6867.6,6779.2,6781.4,12174,4
1663286400,6784.6,6789.6,6696.0,6725.2,16743,5
1663545600,6734.7,6771.8,6668.3,6766.6,14483,8
1663632000,6768.5,6822.1,6701.4,6728.7,16893,8
1663718400,6725.7,6745.7,6628.2,6633.0,21781,8
1663804800,6620.0,6699.4,6607.4,6621.6,15941,8
1663891200,6620.6,6653.7,6440.7,6471.9,22385,8
1664150400,6487.4,6536.0,6429.0,6472.2,28434,6
1664236800,6475.5,6524.5,6421.5,6460.2,25127,8
1664323200,6460.2,6580.0,6411.0,6557.2,28487,8
1664409600,6556.4,6596.4,6488.4,6519.6,28189,8
1664496000,6509.9,6551.9,6447.9,6464.9,28930,8
1664755200,6459.8,6575.4,6402.4,6550.4,25797,8
1664841600,6550.8,6798.6,6537.2,6792.6,21915,8
1664928000,6792.1,6814.1,6748.1,6764.1,21683,8
1665014400,6766.5,6820.5,6749.5,6757.5,23183,8
1665100800,6753.6,6785.6,6675.6,6688.6,19716,8
1665360000,6671.4,6704.0,6639.0,6680.0,23821,0
1665446400,6683.4,6708.0,6600.4,6621.4,29646,8
1665532800,6616.8,6679.8,6605.8,6623.8,29721,8
1665619200,6628.1,6756.1,6543.1,6741.1,32857,8
1665705600,6744.2,6789.2,6656.2,6659.2,33103,8
1665964800,6677.1,6742.7,6637.7,6728.7,23062,8
1666051200,6735.2,6809.4,6713.2,6800.2,26020,8
1666137600,6797.5,6820.7,6708.7,6744.7,26345,8
1666224000,6740.4,6768.4,6694.4,6703.4,29030,8
1666310400,6707.9,6771.9,6637.9,6771.9,27476,8
1666569600,6786.3,6825.6,6732.9,6790.7,31821,8
1666656000,6791.2,6854.2,6767.2,6834.2,21783,6
1666742400,6811.7,6869.7,6789.1,6833.7,22224,6
1666828800,6820.7,6872.7,6772.7,6802.7,24130,8
1666915200,6805.4,6879.4,6761.8,6879.4,20089,8
1667174400,6866.0,6890.1,6821.1,6863.5,16990,8
1667260800,6863.1,7028.1,6856.2,6975.5,19778,8
1667347200,6979.6,7011.6,6872.0,6884.0,24142,5
1667433600,6878.2,6881.2,6797.2,6843.6,23505,5
1667520000,6838.8,7000.2,6823.8,6975.2,23674,8
1667779200,6951.9,6980.9,6906.1,6956.5,18523,8
1667865600,6960.9,7016.7,6941.7,6992.1,16142,8
1667952000,6986.3,7015.3,6935.2,6935.2,20552,6
1668038400,6943.7,7152.0,6941.7,7150.4,21573,8
1668124800,7176.4,7212.5,7125.5,7203.9,20347,8
1668384000,7180.8,7200.2,7115.5,7115.5,18124,8
1668470400,7128.3,7204.3,7110.3,7136.7,21823,8
1668556800,7111.0,7156.3,7098.0,7112.7,19980,6
1668643200,7100.5,7166.8,7100.5,7146.2,16956,6
1668729600,7145.0,7191.1,7137.0,7178.5,13281,8
1668988800,7182.2,7186.9,7131.7,7168.9,10548,8
1669075200,7172.3,7245.1,7168.1,7243.5,11177,8
1669161600,7248.7,7252.5,7219.5,7244.9,13416,0
1669248000,7250.1,7270.6,7237.4,7256.0,7307,8
1669334400,7262.7,7272.2,7246.2,7254.6,8367,8
1669593600,7249.5,7279.0,7221.0,7236.4,14313,8
1669680000,7234.4,7269.5,7204.5,7251.8,13154,7
1669766400,7242.8,7362.2,7222.8,7348.6,17928,6
1669852800,7363.1,7382.1,7324.6,7345.0,18297,8
1669939200,7342.1,7343.2,7265.2,7328.5,14959,6
1670198400,7327.9,7355.8,7276.8,7289.2,14331,0
1670284800,7296.4,7327.4,7231.4,7251.8,15087,6
1670371200,7245.0,7265.0,7205.0,7223.4,19159,0
1670457600,7231.6,7231.6,7169.5,7208.9,15396,8
1670544000,7199.1,7230.1,7178.5,7180.5,15516,0
1670803200,7182.9,7235.5,7158.9,7230.3,13338,6
1670889600,7220.9,7313.7,7194.9,7232.0,16051,6
1670976000,7235.2,7263.6,7182.8,7196.8,16172,5
1671062400,7211.2,7249.1,7118.2,7132.0,16029,4
1671148800,7124.4,7192.7,7089.4,7127.7,15622,6
1671408000,7117.2,7169.8,7096.2,7113.7,14123,6
1671494400,7110.7,7132.7,7013.5,7081.9,15103,6
1671580800,7088.0,7183.0,7083.0,7170.8,16828,8
1671667200,7161.9,7174.2,7041.9,7092.1,14745,6
1671753600,7092.2,7111.8,7062.2,7105.2,3480,8
1672185600,7110.8,7130.7,7039.8,7039.8,13894,8
1672272000,7041.4,7083.4,6995.8,7067.4,11709,8
1672358400,7072.2,7079.7,7036.7,7043.6,3410,8
1672704000,7076.6,7088.4,6904.5,7004.4,15965,5
1672790400,6998.8,7094.6,6986.4,7081.3,15919,6
1672876800,7066.5,7106.0,7054.5,7065.9,14735,6
1672963200,7069.3,7178.1,7063.3,7176.9,15392,4
1673222400,7176.4,7196.2,7145.4,7150.0,13229,6
1673308800,7145.7,7170.7,7125.5,7164.4,14073,6
1673395200,7155.4,7254.8,7150.4,7251.7,12290,5
1673481600,7255.8,7330.1,7240.8,7325.8,14915,6
1673568000,7316.9,7375.5,7309.9,7372.2,13356,6
1673827200,7364.1,7407.6,7364.1,7378.1,7353,4
1673913600,7370.9,7440.4,7362.4,7405.2,12410,0
1674000000,7395.3,7433.1,7369.9,7369.9,19360,0
1674086400,7390.9,7460.7,7383.8,7449.1,19611,4
1674172800,7441.5,7493.4,7427.8,7490.1,14381,4
1674432000,7485.2,7493.2,7439.5,7488.7,16945,4
1674518400,7494.9,7506.3,7455.7,7489.7,16501,4
1674604800,7500.3,7521.3,7445.3,7497.3,17170,4
1674691200,7510.2,7531.2,7495.9,7530.2,8610,8
1674777600,7525.1,7531.1,7487.7,7514.9,11722,4
1675036800,7509.1,7520.1,7467.7,7484.4,16046,4
1675123200,7487.9,7538.9,7463.4,7536.3,13273,6
1675209600,7538.7,7556.7,7466.6,7534.5,14268,4
1675296000,7543.3,7565.3,7504.6,7542.8,15746,4
1675382400,7530.3,7603.3,7505.4,7580.3,18139,0
1675641600,7566.5,7575.5,7517.8,7542.6,13530,6
1675728000,7541.4,7560.4,7463.3,7533.4,14005,6
1675814400,7537.9,7541.5,7487.1,7501.9,11413,5
1675900800,7500.9,7537.9,7450.2,7461.9,11483,4
1675987200,7461.7,7469.3,7396.3,7430.4,10108,6
1676246400,7434.7,7476.7,7399.5,7473.8,9298,6
1676332800,7467.9,7479.9,7397.1,7433.8,13931,5
1676419200,7432.4,7436.3,7329.3,7389.3,12180,4
1676505600,7395.0,7426.0,7358.4,7392.4,13253,5
1676592000,7398.4,7399.4,7314.2,7346.4,14191,4
1676851200,7357.1,7369.1,7317.6,7321.9,7107,4
1676937600,7319.7,7346.7,7275.6,7282.8,12597,5
1677024000,7275.5,7321.5,7257.9,7283.4,13645,0
1677110400,7248.7,7300.9,7206.7,7285.8,12016,8
1677196800,7245.0,7311.7,7187.0,7250.7,12056,4
1677456000,7208.2,7269.5,7156.2,7251.3,10964,8
1677542400,7217.9,7274.5,7182.9,7229.4,11084,4
1677628800,7180.8,7269.7,7175.8,7253.7,12834,4
1677715200,7212.8,7278.7,7177.8,7274.7,13086,4
1677801600,7232.6,7347.3,7231.6,7342.0,10268,8
1678060800,7301.2,7345.5,7276.2,7320.4,11593,8
1678147200,7279.5,7378.0,7267.5,7312.9,12346,8
1678233600,7277.7,7348.5,7267.7,7337.6,11972,4
1678320000,7310.6,7330.8,7233.4,7235.2,11818,4
1678406400,7243.2,7249.6,7095.7,7104.6,16597,4
1678665600,7193.5,7193.5,6926.5,6987.2,29413,4
1678752000,6983.9,7055.7,6948.7,7047.9,19602,4
1678838400,7042.6,7072.5,6888.5,6947.6,27807,4
1678924800,6947.8,6984.1,6860.6,6976.8,24149,4
1679011200,6974.1,7004.8,6887.9,6890.6,22857,4
1679270400,6931.8,6981.5,6824.8,6944.0,24298,4
1679356800,6943.7,7031.1,6943.7,7017.7,17256,4
1679443200,7017.6,7037.1,6951.7,6960.7,17749,6
1679529600,6960.5,6999.2,6905.8,6935.5,21823,6
1679616000,6948.2,6967.2,6881.1,6951.2,24326,4
1679875200,6967.4,7000.4,6934.1,6993.2,15986,4
1679961600,6990.1,7047.2,6984.1,7000.3,16004,4
1680048000,6978.0,7104.2,6978.0,7089.0,12930,7
1680134400,7085.1,7168.2,7084.1,7151.3,13361,7
1680220800,7148.5,7219.0,7141.5,7211.5,12069,4
1680480000,7206.1,7248.6,7193.2,7229.2,13505,4
1680566400,7224.2,7273.0,7214.0,7228.4,12862,4
1680652800,7230.8,7261.7,7210.8,7231.0,14026,6
1680739200,7230.7,7250.5,7197.4,7229.5,6464,7
1681171200,7288.0,7353.3,7270.9,7342.0,8967,7
1681257600,7342.0,7389.0,7334.2,7342.4,11258,4
1681344000,7336.1,7351.4,7312.5,7342.3,9893,7
1681430400,7341.8,7388.2,7313.5,7374.1,11070,4
1681689600,7374.4,7400.6,7336.4,7362.6,8913,8
1681776000,7362.4,7373.3,7341.7,7359.3,8162,7
1681862400,7359.6,7378.5,7334.5,7358.8,7665,6
1681948800,7356.5,7386.3,7325.8,7329.7,9307,7
1682035200,7326.2,7350.0,7309.5,7322.4,9631,8
1682294400,7323.4,7353.2,7312.2,7344.6,7671,7
1682380800,7324.8,7350.8,7295.8,7309.8,3922,8
1682467200,7309.8,7331.9,7284.5,7295.2,11365,7
1682553600,7302.7,7349.0,7273.3,7339.9,9191,7
1682640000,7336.3,7370.1,7281.1,7364.5,11527,0
1682899200,7361.5,7375.3,7323.4,7330.7,7197,7
1682985600,7330.4,7336.4,7185.7,7219.2,13008,8
1683072000,7220.6,7226.6,7159.4,7160.9,18014,8
1683158400,7158.2,7201.0,7128.4,7161.5,17421,7
1683244800,7159.3,7298.7,7159.3,7284.6,11798,5
1683504000,7287.0,7298.8,7252.8,7265.2,8739,8
1683590400,7269.4,7273.2,7223.3,7237.6,8172,8
1683676800,7228.0,7279.8,7195.5,7242.2,11155,4
1683763200,7229.5,7260.3,7191.3,7232.0,11364,6
1683849600,7231.4,7279.3,7229.4,7265.7,10996,4
1684108800,7252.9,7288.8,7234.8,7272.2,8204,5
1684195200,7279.8,7279.8,7190.1,7195.0,9041,7
1684281600,7195.4,7251.4,7158.3,7240.7,9168,7
1684368000,7248.4,7258.4,7217.8,7255.7,9645,4
1684454400,7255.3,7296.2,7247.3,7270.6,10263,7
1684713600,7269.2,7288.1,7249.9,7271.5,9231,8
1684800000,7271.7,7291.5,7222.8,7226.0,11906,5
1684886400,7226.5,7240.4,7158.3,7178.8,12432,8
1684972800,7175.2,7183.4,7106.6,7135.9,13370,8
1685059200,7130.6,7233.0,7120.4,7226.9,10356,7
1685318400,7224.2,7260.2,7204.0,7211.2,6756,8
1685404800,7210.7,7229.6,7157.7,7172.0,12230,8
1685491200,7169.5,7183.5,7053.4,7075.8,12478,8
1685577600,7074.2,7164.6,7074.2,7160.5,12073,8
1685664000,7160.4,7235.4,7125.8,7220.3,11591,7
1685923200,7218.3,7246.1,7176.9,7180.6,10844,8
1686009600,7179.9,7187.0,7120.7,7157.4,11820,8
1686096000,7155.6,7169.5,7104.8,7111.9,10154,7
1686182400,7109.4,7134.8,7083.6,7127.7,9446,8
1686268800,7123.9,7142.9,7090.2,7091.2,10735,7
1686528000,7110.6,7122.6,7086.6,7120.6,4536,8
1686614400,7120.6,7192.8,7103.4,7183.2,11435,7
1686700800,7181.7,7206.1,7149.6,7189.0,12259,7
1686787200,7191.1,7214.5,7163.6,7206.5,10614,7
1686873600,7206.5,7311.1,7192.4,7265.7,10957,7
1687132800,7263.5,7336.5,7263.5,7321.6,4299,8
1687219200,7320.7,7395.1,7312.7,7349.0,10049,0
1687305600,7351.1,7371.0,7295.6,7313.5,10304,6
1687392000,7311.8,7320.8,7151.7,7187.4,10831,7
1687478400,7184.3,7204.5,7061.6,7086.6,13774,5
1687737600,7090.9,7115.9,7057.7,7099.1,11601,4
1687824000,7093.8,7154.8,7092.8,7141.0,8791,7
1687910400,7141.8,7220.9,7124.0,7194.6,11834,4
1687996800,7198.6,7230.5,7177.8,7201.7,10197,7
1688083200,7200.9,7242.1,7164.7,7223.2,9602,7
1688342400,7222.5,7265.5,7203.4,7253.8,8895,0
1688428800,7253.7,7297.3,7232.7,7274.5,7696,0
1688515200,7271.2,7288.0,7221.5,7223.5,7528,4
1688601600,7220.2,7227.4,7053.6,7070.9,9259,7
1688688000,7070.3,7087.6,7006.3,7055.6,10259,7
1688947200,7060.5,7083.4,6995.4,7049.8,10520,4
1689033600,7053.9,7146.7,7037.3,7140.4,9671,7
1689120000,7144.7,7209.5,7126.7,7203.0,11904,4
1689206400,7208.5,7300.2,7191.3,7287.6,8445,0
1689292800,7282.1,7344.0,7267.0,7310.4,9236,0
1689552000,7310.5,7318.3,7282.4,7287.7,6108,0
1689638400,7293.3,7336.8,7264.8,7323.2,6330,5
1689724800,7324.8,7349.5,7316.6,7330.0,7818,0
1689811200,7328.0,7393.3,7308.0,7330.2,8593,6
1689897600,7326.7,7364.1,7292.5,7348.9,7301,0
1690156800,7347.8,7367.4,7305.8,7353.0,9257,8
1690243200,7358.4,7377.2,7323.2,7360.6,8053,8
1690329600,7363.0,7434.0,7343.8,7412.2,10394,0
1690416000,7417.0,7504.8,7404.6,7423.3,10587,4
1690502400,7417.6,7462.5,7361.4,7430.9,13330,8
1690761600,7432.4,7451.4,7377.3,7436.7,10233,8
1690848000,7442.8,7486.5,7410.6,7415.5,10353,6
1690934400,7408.3,7428.3,7293.6,7298.5,14169,0
1691020800,7298.4,7335.0,7262.2,7300.6,12971,0
1691107200,7304.0,7370.8,7287.0,7314.4,12429,4
1691366400,7314.1,7346.1,7296.9,7333.3,8076,7
1691452800,7339.1,7353.9,7277.4,7312.3,10892,4
1691539200,7315.9,7365.7,7297.8,7345.2,9839,8
1691625600,7336.3,7401.2,7325.1,7346.5,12728,8
1691712000,7342.7,7370.9,7308.0,7315.9,11709,7
1691971200,7314.4,7338.2,7261.7,7287.6,12579,4
1692057600,7285.8,7335.7,7230.1,7232.0,12761,8
1692144000,7221.1,7233.9,7171.1,7174.3,12667,8
1692230400,7174.1,7183.9,7103.9,7122.3,13629,8
1692316800,7121.8,7169.5,7081.4,7125.9,13026,8
1692576000,7124.9,7152.9,7105.9,7136.1,10374,8
1692662400,7131.4,7160.6,7094.2,7111.8,10052,8
1692748800,7106.4,7184.1,7103.2,7179.6,9357,8
1692835200,7182.1,7202.9,7089.7,7091.6,12379,8
1692921600,7090.4,7158.7,7087.4,7135.7,14898,8
1693180800,7139.1,7199.5,7133.3,7186.3,10455,8
1693267200,7183.1,7262.2,7168.9,7260.3,9724,8
1693353600,7249.2,7325.2,7246.2,7303.4,10410,0
1693440000,7291.6,7318.4,7260.9,7265.8,9605,8
1693526400,7266.8,7307.5,7263.8,7300.0,10645,4
1693785600,7290.9,7348.7,7284.9,7305.1,6573,8
1693872000,7299.4,7333.7,7271.2,7290.6,9938,8
1693958400,7289.6,7305.4,7199.6,7218.8,10126,8
1694044800,7194.1,7209.9,7145.9,7167.3,10039,8
1694131200,7170.1,7180.9,7107.9,7152.3,9666,8
1694390400,7148.7,7218.0,7125.7,7196.9,9563,8
1694476800,7194.7,7214.5,7157.2,7187.9,9766,5
1694563200,7181.6,7196.4,7136.0,7147.8,12463,8
1694649600,7146.9,7280.2,7142.2,7271.1,11535,8
1694736000,7271.3,7324.1,7245.5,7248.5,12119,8
1694995200,7248.0,7270.8,7193.7,7210.2,10466,8
1695081600,7208.7,7224.5,7175.5,7185.0,10536,8
1695168000,7183.5,7206.8,7149.2,7151.7,9115,8
1695254400,7151.1,7156.1,6963.2,6968.3,13550,8
1695340800,6969.8,7074.6,6929.0,7035.0,12045,6
1695600000,7040.8,7088.6,7017.9,7067.0,11810,8
1695686400,7070.7,7071.9,6997.7,7008.9,12622,8
1695772800,7005.7,7047.3,6982.6,7011.7,13023,7
1695859200,7013.7,7068.0,6983.9,7053.9,15484,8
1695945600,7052.5,7075.3,7002.7,7011.7,14598,8
1696204800,7010.8,7049.8,6913.3,6930.8,17198,6
1696291200,6934.5,6969.3,6881.1,6888.5,18091,8
1696377600,6888.5,6915.3,6849.9,6903.5,19132,7
1696464000,6902.2,6939.5,6876.7,6925.8,16820,4
1696550400,6929.6,7019.9,6913.6,7008.6,15836,0
1696809600,7009.1,7013.4,6944.2,7000.1,13599,8
1696896000,7000.8,7095.2,6997.8,7069.8,16045,6
1696982400,7075.6,7121.0,7063.8,7104.6,15882,0
1697068800,7105.3,7119.1,7018.7,7038.3,14680,6
1697155200,7038.8,7075.7,7004.2,7013.8,15229,7
1697414400,7015.1,7078.5,6992.9,7073.1,13120,4
1697500800,7070.9,7098.8,7017.8,7073.9,15818,8
1697587200,7075.7,7087.6,6988.6,6999.7,18242,8
1697673600,7000.5,7001.5,6905.5,6906.5,21353,7
1697760000,6910.3,6913.5,6814.5,6817.5,20587,8
1698019200,6823.4,6858.8,6789.6,6834.4,17533,8
1698105600,6830.2,6890.0,6827.2,6875.0,17587,0
1698192000,6864.3,6894.1,6816.3,6819.9,16003,8
1698278400,6824.6,6830.9,6770.7,6791.6,18452,6
1698364800,6801.4,6846.2,6730.6,6758.0,16751,7
1698624000,6773.3,6819.6,6743.1,6799.8,14654,8
1698710400,6798.8,6815.6,6761.8,6801.4,15918,7
1698796800,6803.4,6891.0,6788.7,6884.8,16764,5
1698883200,6890.8,6989.1,6879.6,6976.5,11790,6
1698969600,6975.5,7008.8,6955.4,6991.5,11598,5
1699228800,6991.9,7014.7,6967.9,6979.8,10731,7
1699315200,6978.5,7000.5,6950.8,6987.6,11662,7
1699401600,6984.3,7048.7,6977.3,7020.3,11660,8
1699488000,7012.6,7055.0,7000.6,7004.6,13398,7
1699574400,7005.5,7015.7,6948.5,6989.3,12088,5
1699833600,7004.1,7019.1,6938.1,7016.8,10747,8
1699920000,7005.2,7105.7,6985.2,7100.4,11304,7
1700006400,7102.1,7154.0,7091.1,7100.2,12336,8
1700092800,7089.1,7126.1,7032.1,7064.3,12545,8
1700179200,7064.6,7089.0,7033.6,7074.7,9688,8
1700438400,7069.3,7092.5,7042.3,7083.2,9323,0
1700524800,7083.7,7096.3,7057.7,7072.5,9313,0
1700611200,7069.5,7100.1,7039.5,7061.3,9859,0
1700697600,7055.1,7068.6,7025.1,7048.6,6581,0
1700784000,7052.2,7074.8,7032.1,7056.1,6634,8
1701043200,7050.9,7065.3,6983.9,6999.5,7716,0
1701129600,6990.9,7061.1,6982.9,7043.3,9411,0
1701216000,7028.0,7078.1,7027.0,7048.3,9676,0
1701302400,7041.0,7094.1,7022.0,7066.3,10496,0
1701388800,7063.0,7152.6,7037.0,7146.3,10250,0
1701648000,7134.5,7181.3,7088.5,7095.5,10168,5
1701734400,7124.3,7133.4,7041.3,7094.3,11509,8
1701820800,7083.3,7212.4,7077.3,7163.1,10521,8
1701907200,7161.2,7190.8,7133.2,7156.0,10605,8
1701993600,7160.1,7222.2,7143.1,7211.9,11091,8
1702252800,7219.7,7243.3,7190.0,7222.5,9325,8
1702339200,7214.0,7261.2,7199.0,7254.4,9373,8
1702425600,7244.9,7360.4,7236.9,7351.1,9950,8
1702512000,7349.5,7461.9,7349.5,7442.6,13772,8
1702598400,7440.5,7476.3,7372.5,7375.5,11821,8
1702857600,7410.4,7476.9,7405.4,7447.1,9753,8
1702944000,7444.4,7554.3,7429.4,7548.0,9098,8
1703030400,7528.4,7579.7,7471.8,7496.0,9651,8
1703116800,7504.3,7549.6,7496.3,7535.8,11102,8
1703203200,7529.9,7533.5,7501.3,7512.9,2565,8
1703635200,7550.1,7613.2,7548.1,7604.9,8986,8
1703721600,7591.0,7634.5,7589.0,7591.7,8628,8
1703808000,7611.0,7619.1,7588.0,7609.1,2458,8
1704153600,7591.8,7650.3,7557.8,7569.5,11119,8
1704240000,7580.8,7583.5,7480.8,7504.3,12529,8
1704326400,7512.4,7543.5,7485.7,7524.2,11933,8
1704412800,7510.7,7536.8,7446.7,7488.5,12769,8
1704672000,7489.6,7552.6,7437.6,7539.3,11143,8
1704758400,7537.4,7554.9,7494.4,7512.1,11139,0
1704844800,7515.2,7529.8,7468.0,7499.0,10974,0
1704931200,7504.0,7532.6,7442.3,7487.8,13963,6
1705017600,7487.3,7542.4,7476.3,7498.6,14496,8
1705276800,7496.2,7519.1,7470.2,7480.3,8241,8
1705363200,7483.2,7484.7,7405.3,7428.1,15297,5
1705449600,7421.2,7429.2,7348.2,7371.4,13530,7
1705536000,7361.9,7431.5,7327.2,7426.7,13688,7
1705622400,7414.2,7463.8,7407.2,7451.5,13277,5
1705881600,7449.1,7505.4,7435.3,7489.1,11132,0
1705968000,7488.1,7553.3,7487.1,7546.0,10866,8
1706054400,7549.1,7599.9,7509.1,7538.6,12474,8
1706140800,7559.2,7587.9,7535.1,7587.9,12973,8
1706227200,7575.1,7616.4,7557.1,7588.6,8472,8
1706486400,7594.1,7636.7,7569.1,7627.4,11906,8
1706572800,7632.4,7651.0,7586.3,7591.2,11919,6
1706659200,7610.0,7704.1,7588.0,7622.6,21358,5
1706745600,7616.0,7666.0,7578.3,7659.0,17595,8
1706832000,7643.9,7720.9,7631.9,7654.1,18357,8
1707091200,7676.9,7676.9,7577.7,7608.4,15431,8
1707177600,7610.9,7654.7,7547.7,7643.9,14684,8
1707264000,7637.0,7659.7,7603.7,7640.7,12238,6
1707350400,7635.7,7675.3,7632.7,7654.5,11188,8
1707436800,7655.7,7670.0,7613.5,7644.2,9572,7
1707696000,7652.7,7670.3,7619.8,7643.0,9843,8
1707782400,7648.9,7656.5,7488.0,7527.7,16248,8
1707868800,7521.6,7613.5,7504.6,7609.7,14290,5
1707955200,7606.7,7700.7,7595.8,7691.7,12010,8
1708041600,7697.9,7709.5,7648.2,7658.4,13215,8
1708300800,7669.7,7697.7,7664.8,7675.6,7316,8
1708387200,7676.1,7683.2,7633.2,7641.9,13420,6
1708473600,7627.5,7647.7,7562.9,7602.3,15406,8
1708560000,7631.6,7665.6,7590.8,7643.2,13972,8
1708646400,7659.2,7672.7,7621.8,7650.0,11091,8
1708905600,7658.4,7696.4,7643.7,7645.4,10401,7
1708992000,7648.4,7693.4,7617.2,7690.4,10680,8
1709078400,7681.8,7693.8,7624.6,7633.8,11000,6
1709164800,7641.5,7717.5,7632.1,7704.3,13579,8
1709251200,7698.4,7762.4,7693.7,7747.5,12755,8
1709510400,7755.3,7777.3,7718.0,7725.2,9931,8
1709596800,7739.1,7763.1,7700.6,7726.3,13407,6
1709683200,7712.5,7800.0,7698.1,7765.7,15219,8
1709769600,7754.8,7823.8,7735.1,7801.1,15423,8
1709856000,7813.0,7864.0,7800.1,7806.8,17649,8
1710115200,7807.3,7808.5,7657.7,7714.6,16456,8
1710201600,7715.6,7742.6,7673.8,7722.0,16401,6
1710288000,7721.0,7762.3,7718.1,7751.3,11556,8
1710374400,7758.3,7758.3,7635.7,7656.4,15548,8
1710460800,7655.4,7690.8,7592.9,7655.0,14326,0
1710720000,7658.4,7700.2,7643.6,7686.0,11133,8
1710806400,7681.0,7734.4,7665.2,7722.9,12013,8
1710892800,7723.9,7763.7,7681.2,7759.3,11826,8
1710979200,7758.3,7795.1,7716.8,7768.2,11432,8
1711065600,7766.2,7807.1,7728.9,7774.1,10070,0
1711324800,7778.8,7855.6,7772.8,7799.1,10017,8
1711411200,7796.1,7822.9,7759.4,7777.6,9263,8
1711497600,7783.6,7886.6,7752.9,7873.6,8989,0
1711584000,7881.6,7927.5,7860.0,7894.0,6329,8
1712016000,7880.3,7927.1,7827.3,7869.8,12904,8
1712102400,7869.7,7878.9,7762.5,7817.7,13758,6
1712188800,7818.6,7861.4,7752.5,7762.6,13889,8
1712275200,7771.5,7833.8,7731.6,7815.5,17795,8
1712534400,7826.1,7835.9,7769.9,7829.3,13594,8
1712620800,7817.9,7864.3,7799.3,7853.2,14954,0
1712707200,7855.0,7883.8,7773.0,7796.2,24831,8
1712793600,7797.8,7824.6,7732.2,7788.9,21741,6
1712880000,7778.2,7829.1,7722.3,7740.5,21331,8
1713139200,7742.8,7792.6,7671.3,7697.3,24743,6
1713225600,7687.3,7702.0,7552.4,7573.2,31437,8
1713312000,7575.4,7673.9,7575.4,7636.8,25054,8
1713398400,7633.9,7660.7,7576.3,7586.1,23519,8
1713484800,7576.3,7634.8,7479.4,7597.7,32863,8
1713744000,7618.2,7694.5,7599.2,7667.4,19127,8
1713830400,7657.8,7710.4,7654.9,7701.3,16821,8
1713916800,7691.9,7728.8,7601.0,7610.0,17835,8
1714003200,7604.1,7614.1,7505.1,7599.4,14010,8
1714089600,7590.1,7609.4,7551.2,7593.3,16344,8
1714348800,7606.8,7658.1,7598.8,7651.0,13779,8
1714435200,7642.6,7682.8,7564.7,7573.2,17128,8
1714521600,7564.7,7618.4,7519.8,7553.3,22238,8
1714608000,7561.9,7626.7,7558.2,7615.1,19683,8
1714694400,7618.3,7670.1,7602.6,7656.5,19315,8
1714953600,7667.1,7733.4,7642.9,7725.3,9123,8
1715040000,7717.9,7817.4,7702.3,7803.3,11066,8
1715126400,7806.9,7822.7,7767.2,7790.1,10984,8
1715212800,7783.2,7799.2,7697.5,7743.2,11133,8
1715299200,7736.5,7786.7,7735.6,7744.1,11153,8
1715558400,7755.1,7776.9,7722.0,7744.9,9347,8
1715644800,7748.7,7771.5,7714.1,7766.9,11968,8
1715731200,7760.1,7812.9,7744.2,7809.8,11303,8
1715817600,7803.2,7907.3,7784.4,7844.7,11614,8
1715904000,7849.5,7867.3,7797.7,7845.7,10645,8
1716163200,7848.3,7880.1,7839.7,7843.5,9168,8
1716249600,7849.0,7874.3,7829.4,7871.2,9364,8
1716336000,7866.4,7886.8,7756.5,7773.2,12543,8
1716422400,7785.0,7830.8,7711.5,7729.5,16697,8
1716508800,7724.5,7776.5,7713.6,7768.4,12138,8
1716768000,7778.0,7816.3,7759.0,7794.2,6749,8
1716854400,7803.9,7815.7,7701.8,7725.1,12992,8
1716940800,7720.8,7725.7,7605.7,7606.7,13927,8
1717027200,7620.4,7702.7,7593.9,7685.6,12620,8
1717113600,7681.9,7753.5,7657.0,7739.9,16540,0
1717372800,7738.9,7787.7,7719.0,7755.1,19278,8
1717459200,7751.0,7776.7,7697.1,7733.1,18442,8
1717545600,7729.1,7824.1,7729.1,7814.0,15234,8
1717632000,7810.2,7847.0,7805.2,7837.9,13450,8
1717718400,7834.2,7875.9,7811.8,7827.8,19255,8
1717977600,7813.6,7816.7,7771.6,7798.9,9270,0
1718064000,7795.6,7810.4,7677.7,7719.1,14863,0
1718150400,7712.7,7798.8,7703.4,7779.7,18386,8
1718236800,7774.4,7794.8,7702.1,7746.8,15146,0
1718323200,7740.1,7759.4,7667.1,7715.4,15926,0
1718582400,7718.9,7753.2,7680.6,7745.4,13313,0
1718668800,7738.6,7796.6,7736.7,7779.0,12639,8
1718755200,7772.3,7799.5,7745.3,7756.9,7303,0
1718841600,7747.3,7804.5,7747.3,7786.4,14662,8
1718928000,7777.4,7817.6,7754.5,7786.0,16798,8
1719187200,7793.5,7824.8,7731.7,7780.7,14595,0
1719273600,7777.6,7859.6,7777.6,7817.8,13547,0
1719360000,7820.5,7828.7,7697.8,7714.7,12797,0
1719446400,7705.8,7794.8,7648.6,7788.7,13985,8
1719532800,7779.6,7830.3,7724.7,7747.7,15389,0
1719792000,7753.1,7788.4,7712.7,7740.3,14588,8
1719878400,7736.1,7761.9,7671.8,7742.3,13339,8
1719964800,7733.8,7831.7,7723.8,7817.6,10421,8
1720051200,7808.8,7854.5,7808.8,7822.9,7098,8
1720137600,7813.9,7845.9,7793.0,7822.3,12609,8
1720396800,7825.8,7834.1,7762.1,7791.0,10624,8
1720483200,7782.1,7846.6,7773.2,7800.0,11856,0
1720569600,7791.2,7907.1,7782.3,7902.0,9498,0
1720656000,7893.3,7948.0,7880.4,7943.9,17145,0
1720742400,7933.4,8055.0,7930.7,8016.9,14728,8
1721001600,8039.6,8067.4,8008.7,8029.8,14542,8
1721088000,8022.7,8069.6,7990.5,8056.5,13289,8
1721174400,8053.5,8103.3,8007.6,8019.7,15137,8
1721260800,8012.6,8088.2,7933.6,7964.6,19242,7
1721347200,7957.6,7984.1,7892.7,7912.5,20254,8
1721606400,7935.1,7998.4,7905.0,7994.3,15246,8
1721692800,7988.0,8021.3,7961.1,7990.7,14056,0
1721779200,7975.5,7989.5,7880.2,7888.7,16396,0
1721865600,7885.6,7962.9,7832.3,7907.8,27251,8
1721952000,7910.8,7989.1,7901.8,7978.0,21375,8
1722211200,7987.7,8013.9,7916.8,7948.9,18653,8
1722297600,7941.8,8011.6,7904.9,7989.5,20897,8
1722384000,7982.9,8153.0,7980.2,8128.4,23568,8
1722470400,8122.0,8172.0,7934.2,7964.4,28061,0
1722556800,7958.2,7982.2,7747.3,7823.0,32848,8
1722816000,7778.6,7799.6,7527.3,7625.7,39398,7
1722902400,7618.7,7723.0,7602.8,7669.9,34661,0
1722988800,7658.4,7779.2,7631.9,7651.6,34309,8
1723075200,7670.4,7785.7,7621.4,7780.6,28464,8
1723161600,7764.2,7851.2,7724.1,7839.1,23316,8
1723420800,7836.3,7858.3,7788.6,7822.5,17430,8
1723507200,7812.0,7906.3,7795.7,7890.2,15195,0
1723593600,7887.1,7925.9,7851.6,7895.5,17494,8
1723680000,7889.8,7970.6,7854.9,7950.0,15326,6
1723766400,7950.6,7993.4,7932.9,7959.8,13667,8
1724025600,7968.1,8048.4,7960.1,8026.3,12292,8
1724112000,8032.1,8042.9,7959.4,7962.3,12046,0
1724198400,7955.4,8047.0,7945.7,8043.9,15052,8
1724284800,8037.5,8058.0,7987.4,7997.4,15916,0
1724371200,7999.1,8090.9,7992.3,8072.3,18213,0
1724630400,8072.6,8118.9,8039.6,8086.8,13394,8
1724716800,8091.1,8115.9,8023.5,8040.5,11959,8
1724803200,8046.4,8078.7,8010.0,8033.6,15704,8
1724889600,8009.8,8112.1,8006.8,8099.0,20018,8
1724976000,8095.7,8099.0,8029.5,8066.4,14187,8
1725235200,8066.2,8120.0,8045.0,8107.4,7934,8
1725321600,8102.0,8109.8,7978.8,7999.2,16464,8
1725408000,7988.6,8004.4,7926.4,7959.8,20531,8
1725494400,7959.6,8012.9,7941.4,7975.8,18334,8
1725580800,7981.2,8028.0,7884.7,7888.4,23022,8
1725840000,7903.8,8063.1,7883.8,8059.0,19444,0
1725926400,8057.4,8061.4,7971.7,8016.6,18882,8
1726012800,8013.4,8059.7,7940.2,8041.6,22843,5
1726099200,8025.6,8119.9,8012.6,8113.8,19665,0
1726185600,8111.8,8148.0,8088.5,8113.4,15797,8
1726444800,8108.4,8174.7,8106.4,8163.6,15603,8
1726531200,8163.9,8183.7,8105.2,8112.1,17274,5
1726617600,8105.6,8168.4,8084.0,8113.8,21652,8
1726704000,8112.0,8256.4,8106.6,8225.8,22227,0
1726790400,8229.5,8245.3,8131.0,8132.7,18621,8
1727049600,8139.5,8177.3,8122.1,8146.7,16394,8
1727136000,8150.5,8193.3,8110.3,8175.7,15690,8
1727222400,8175.4,8190.6,8112.2,8142.6,15193,8
1727308800,8116.7,8241.5,8115.7,8230.9,16816,7
1727395200,8233.7,8246.0,8194.8,8222.9,17900,0
1727654400,8230.6,8290.4,8190.9,8228.8,19207,8
1727740800,8234.5,8251.3,8171.8,8203.7,22677,5
1727827200,8218.5,8233.3,8175.8,8203.7,20325,8
1727913600,8200.1,8225.9,8144.4,8169.3,379341,8
1728000000,8168.1,8185.4,8139.1,8172.9,1725257,8
1728259200,8193.1,8221.4,8150.5,8181.9,6388471,8
1728345600,8188.7,8226.2,8158.2,8191.2,7062285,8
1728432000,8193.2,8223.0,8164.0,8176.0,1198096,8
1728518400,8219.9,8239.7,8171.1,8218.1,818569,8
1728604800,8217.6,8264.9,8187.1,8257.4,1535280,8
1728864000,8253.6,8289.1,8232.1,8288.1,4755768,8
1728950400,8291.9,8333.7,8287.2,8287.4,696972,8
1729036800,8280.9,8370.7,8277.9,8358.2,1090811,8
1729123200,8351.9,8381.7,8325.5,8330.5,3306812,5
1729209600,8333.9,8341.7,8265.5,8316.7,1820890,8
1729468800,8344.9,8366.7,8332.5,8342.7,2027988,8
1729555200,8288.9,8289.9,8179.7,8236.6,1245740,8
1729641600,8226.1,8234.9,8211.6,8222.4,1017874,8
1729728000,8206.7,8245.5,8200.7,8245.5,860969,8
1729814400,8224.1,8244.0,8212.2,8214.5,1013697,8
1730073600,8225.0,8230.0,8214.3,8229.0,1285429,8
1730160000,8260.3,8267.0,8255.3,8258.3,768976,8
1730246400,8237.3,8246.0,8236.3,8240.3,1300,8
1730332800,8176.6,8178.0,8135.3,8142.0,537540,8
1730419200,8081.9,8175.9,8079.1,8175.9,703990,8
1730678400,8148.7,8197.7,8133.0,8146.7,3529616,8
1730764800,8142.8,8158.8,8126.0,8126.8,516089,8
1730851200,8194.7,8213.7,8189.8,8211.8,761578,8
1730937600,8208.0,8208.0,8202.9,8202.9,764733,18
1731024000,8302.0,8304.0,8284.0,8284.0,503127,8
1731283200,8274.8,8313.8,8248.6,8273.6,6453794,8
1731369600,8243.1,8262.5,8166.8,8180.6,1377014,0
1731456000,8167.8,8188.8,8158.4,8185.4,763000,8
1731542400,8234.6,8235.6,8230.4,8230.4,755429,8
1731628800,8251.5,8252.5,8244.4,8247.5,756915,8
1731888000,8256.4,8333.0,8256.4,8318.9,5598482,8
1731974400,8330.5,8457.5,8287.4,8366.4,7222200,8
1732060800,8356.0,8367.2,8318.0,8320.2,3636648,0
1732147200,8355.0,8403.7,8345.7,8401.2,245644,8
1732233600,8395.2,8434.7,8392.6,8434.7,1127450,8
1732492800,8457.8,8475.2,8418.6,8461.2,2921776,8
1732579200,8435.1,8439.1,8358.3,8398.4,1507337,8
1732665600,8403.0,8452.3,8401.0,8449.0,1009303,8
1732752000,8452.8,8460.4,8426.8,8432.8,479950,0
1732838400,8422.4,8440.9,8415.9,8417.9,883834,8
1733097600,8452.4,8517.9,8441.9,8516.9,7698442,8
1733184000,8509.0,8521.0,8507.6,8518.4,827828,8
1733270400,8476.2,8497.2,8472.5,8491.2,784652,8
1733356800,8483.2,8487.4,8464.3,8464.3,1350200,8
1733443200,8451.2,8461.7,8424.2,8432.2,1260511,8
1733702400,8392.7,8467.2,8389.1,8459.1,2899758,8
1733788800,8424.5,8424.5,8395.8,8403.5,930575,8
1733875200,8380.7,8404.0,8354.7,8403.5,654951,8
1733961600,8390.5,8392.5,8282.7,8315.9,1131575,0
1734048000,8278.1,8324.1,8266.3,8311.3,316260,8
1734307200,8275.2,8303.3,8249.2,8249.2,1237115,8
1734393600,8267.4,8352.5,8267.4,8312.4,840085,8
1734480000,8355.5,8355.5,8204.6,8204.6,1266736,8
1734566400,8193.6,8193.6,8095.8,8144.5,1804756,8
1734652800,8102.1,8120.4,8007.1,8024.1,508529,8
1734912000,8132.7,8227.7,8105.8,8198.8,6127811,8
1734998400,8212.8,8233.8,8200.8,8216.8,1408384,8
1735257600,8265.6,8296.8,8205.6,8215.6,4976876,8
1735516800,8236.4,8256.0,8212.4,8225.4,10314070,8
1735603200,8190.7,8211.4,8186.7,8187.7,10231253,8
1735776000,8179.2,8179.2,8158.2,8159.2,854973,8
1735862400,8227.2,8228.2,8208.4,8209.4,850257,8
1736121600,8294.3,8319.8,8268.2,8301.2,1585765,8
1736208000,8296.2,8357.2,8266.4,8282.6,803570,0
1736294400,8274.0,8389.0,8261.7,8335.4,27881,0
1736380800,8296.9,8382.1,8283.9,8365.0,10654,8
1736467200,8358.6,8359.6,8218.1,8237.0,31149,8
1736726400,8198.9,8247.9,8153.9,8243.3,22565,8
1736812800,8224.2,8268.8,8186.2,8247.2,22044,0
1736899200,8247.4,8359.2,8209.4,8337.1,17315,0
1736985600,8355.4,8361.9,8302.7,8341.8,20136,0
1737072000,8315.9,8376.3,8300.9,8352.7,14766,0
1737331200,8348.3,8413.8,8327.7,8391.7,12957,2
1737417600,8412.3,8473.3,8368.3,8449.7,18506,12
1737504000,8425.0,8479.1,8400.0,8411.5,11465,2
1737590400,8400.2,8423.7,8366.2,8417.1,12380,5
1737676800,8407.5,8449.8,8398.5,8413.2,12811,2
1737936000,8322.0,8431.3,8322.0,8431.3,18085,9
1738022400,8416.2,8453.2,8395.2,8443.6,17353,5
1738108800,8456.7,8506.2,8427.5,8464.1,20522,7
1738195200,8476.4,8576.9,8454.7,8541.8,15727,7
1738281600,8549.5,8587.5,8442.0,8452.9,19262,7
1738540800,8389.5,8484.5,8359.8,8435.9,32370,6
1738627200,8430.0,8469.2,8372.7,8445.1,20100,7
1738713600,8432.3,8507.0,8414.3,8489.9,15235,17
1738800000,8504.0,8549.0,8491.6,8519.4,14560,7
1738886400,8526.1,8549.1,8447.8,8459.5,25514,17
1739145600,8469.3,8532.8,8459.6,8518.7,11278,17
1739232000,8516.5,8527.5,8447.9,8497.9,12931,7
1739318400,8487.1,8588.1,8480.0,8559.5,17671,17
1739404800,8552.4,8635.9,8526.6,8629.8,19467,18
1739491200,8610.9,8627.9,8506.6,8514.3,12734,8
1739750400,8489.0,8576.1,8479.8,8572.0,8108,10
1739836800,8514.6,8532.8,8466.3,8492.2,14474,10
1739923200,8401.1,8471.1,8352.3,8391.5,14382,10
1740009600,8334.2,8374.7,8286.0,8348.6,17669,10
1740096000,8348.3,8353.3,8230.0,8243.7,21102,9
1740355200,8227.7,8331.6,8226.0,8253.0,22433,6
1740441600,8240.8,8275.2,8196.5,8233.6,27164,10
1740528000,8224.3,8293.7,8210.5,8244.6,22001,7
1740614400,8278.4,8306.4,8199.4,8205.8,27934,9
1740700800,8204.2,8226.2,8131.6,8208.6,30960,8
1740960000,8218.9,8283.9,8142.9,8183.3,34544,8
1741046400,8180.3,8207.3,8062.3,8115.7,39795,8
1741132800,8143.5,8160.8,8084.8,8147.7,35506,6
1741219200,8108.7,8115.6,8008.2,8012.1,32710,6
1741305600,8016.3,8020.8,7922.3,8005.2,35010,8
1741564800,7979.5,7982.8,7832.0,7892.4,35279,5
1741651200,7863.2,7914.2,7763.6,7810.4,47280,10
1741737600,7794.7,7846.6,7732.2,7780.8,32431,6
1741824000,7803.6,7820.3,7725.3,7736.5,28103,5
1741910400,7769.3,7866.0,7752.5,7849.7,23634,10
1742169600,7851.1,7919.5,7829.6,7901.2,21315,10
1742256000,7898.8,7923.9,7802.2,7807.1,21309,10
1742342400,7811.5,7922.1,7808.0,7895.7,19096,10
1742428800,7884.9,7966.0,7872.9,7907.1,20285,10
1742515200,7918.8,7968.8,7862.0,7897.0,21974,6
1742774400,7908.5,7984.0,7905.7,7972.2,15162,7
1742860800,7983.6,8002.4,7933.5,7992.1,15652,6
1742947200,8007.1,8027.1,7939.0,7962.3,30670,5
1743033600,7955.7,7984.7,7923.9,7961.9,32627,6
1743120000,7946.1,8002.0,7866.0,7869.2,33509,6
1743379200,7862.0,7923.7,7804.0,7902.1,37135,5
1743465600,7888.0,7978.1,7862.7,7964.0,39814,5
1743552000,7966.3,7984.6,7880.8,7979.5,37368,6
1743638400,7830.3,7872.1,7726.6,7747.5,54620,6
1743724800,7738.2,7758.0,7273.6,7342.4,68174,6
1743984000,7175.0,7467.9,7113.0,7331.9,90707,6
1744070400,7386.0,7632.5,7308.5,7368.5,71004,6
1744156800,7330.6,7824.4,7295.6,7802.0,77899,6
1744243200,7855.6,7869.0,7464.0,7592.4,73843,6
1744329600,7589.3,7667.1,7516.1,7648.1,66679,6
1744588800,7662.9,7800.7,7653.9,7763.7,46999,6
1744675200,7741.4,7796.2,7725.3,7762.7,39689,7
1744761600,7729.3,7821.6,7717.3,7751.1,41638,6
1744848000,7752.0,7819.3,7724.1,7779.5,23256,7
1745280000,7708.7,7945.3,7706.7,7925.8,41288,6
1745366400,7978.4,7998.4,7890.8,7914.2,44769,6
1745452800,7907.2,8066.5,7904.2,8058.0,33564,6
1745539200,8079.2,8079.2,8014.4,8053.3,23385,6
1745798400,8054.0,8054.0,7960.5,8009.9,30389,5
1745884800,8000.4,8110.7,7995.4,8097.2,30496,6
1745971200,8085.9,8133.7,8036.3,8103.2,36273,5
1746057600,8105.8,8156.1,8103.6,8123.6,30371,6
1746144000,8116.7,8264.0,8110.7,8253.0,33666,5
1746403200,8254.3,8259.3,8127.1,8151.1,26116,6
1746489600,8140.0,8168.5,8108.2,8137.5,30177,6
1746576000,8175.7,8200.5,8141.7,8179.5,33453,6
1746662400,8169.9,8238.7,8151.1,8205.7,32801,6
1746748800,8198.8,8271.6,8179.1,8253.6,28573,5
1747008000,8291.3,8340.6,8226.6,8339.1,31549,5
1747094400,8330.8,8334.0,8244.0,8285.3,27274,5
1747180800,8278.0,8297.1,8226.7,8250.2,26875,5
1747267200,8238.0,8387.0,8228.0,8386.0,27548,5
1747353600,8382.1,8399.9,8320.3,8362.9,24078,5
1747612800,8310.0,8358.5,8257.8,8356.5,28195,6
1747699200,8344.0,8405.9,8315.9,8394.4,25330,6
1747785600,8382.1,8426.9,8293.9,8310.4,30474,6
1747872000,8306.0,8380.4,8297.8,8356.4,28903,6
1747958400,8356.0,8387.5,8249.2,8327.2,32743,6
1748217600,8368.8,8390.1,8343.4,8386.6,15018,4
1748304000,8380.0,8468.0,8358.6,8456.0,25394,6
1748390400,8456.0,8465.3,8380.7,8395.6,26409,6
1748476800,8398.0,8502.0,8346.9,8386.4,33336,6
1748563200,8370.0,8461.8,8356.8,8437.8,31836,6
1748822400,8432.6,8493.9,8394.0,8492.9,30572,6
1748908800,8474.0,8505.5,8437.6,8502.0,27301,5
1748995200,8492.0,8567.4,8486.0,8556.9,26828,6
1749081600,8558.0,8583.8,8520.5,8541.3,30284,6
1749168000,8535.9,8571.2,8510.3,8534.7,27956,6
1749427200,8541.0,8579.8,8530.9,8549.8,14700,6
1749513600,8550.0,8637.7,8523.6,8626.7,27017,6
1749600000,8608.0,8649.3,8584.0,8615.8,29034,6
1749686400,8614.0,8628.0,8538.6,8607.7,26888,6
1749772800,8591.9,8612.7,8520.0,8541.1,35464,7
1750032000,8538.6,8608.9,8528.6,8567.9,14403,10
1750118400,8563.6,8578.4,8504.0,8514.9,17741,10
1750204800,8517.5,8562.6,8505.9,8521.1,17713,12
1750291200,8523.6,8552.8,8491.6,8508.6,10032,12
1750377600,8526.8,8541.6,8464.2,8490.3,18136,12
1750636800,8466.9,8550.2,8421.0,8547.2,18840,11
1750723200,8566.8,8585.6,8527.2,8567.1,12206,7
1750809600,8561.2,8585.0,8513.4,8530.5,10349,12
1750896000,8526.1,8619.9,8521.1,8614.9,9648,8
1750982400,8608.6,8614.4,8509.0,8540.4,12435,12
1751241600,8552.7,8583.5,8525.5,8554.0,11297,12
1751328000,8550.6,8586.4,8538.8,8576.9,12212,8
1751414400,8573.2,8622.0,8538.3,8603.5,12211,12
1751500800,8597.7,8638.0,8576.9,8629.0,5213,12
1751587200,8621.1,8626.3,8577.5,8599.9,7036,9
1751846400,8620.7,8628.5,8549.0,8563.0,14254,12
1751932800,8545.8,8621.6,8545.8,8588.6,12896,7
1752019200,8589.6,8606.4,8530.4,8598.9,10640,7
1752105600,8594.5,8640.8,8577.7,8626.8,9849,12
1752192000,8626.3,8635.1,8535.9,8580.1,13149,9
1752451200,8556.8,8635.1,8551.8,8632.6,10467,7
1752537600,8618.5,8648.3,8572.6,8580.3,14296,12
1752624000,8571.5,8621.8,8541.8,8619.8,16089,12
1752710400,8606.5,8694.8,8595.7,8687.8,9474,10
1752796800,8678.5,8782.3,8673.5,8719.8,10783,10
1753056000,8720.0,8734.8,8648.8,8691.3,8624,20
1753142400,8692.9,8720.2,8654.7,8714.2,9623,20
1753228800,8709.7,8763.7,8698.1,8738.5,11546,16
1753315200,8747.4,8767.2,8662.2,8665.2,9232,9
1753401600,8672.0,8685.8,8623.8,8680.3,7857,10
1753660800,8686.9,8710.7,8631.2,8649.2,8564,15
1753747200,8649.2,8734.0,8643.2,8703.5,8415,8
1753833600,8699.6,8778.4,8686.4,8730.4,11719,19
1753920000,8742.4,8756.2,8675.2,8689.7,14071,20
1754006400,8676.4,8694.6,8587.2,8633.7,23993,0
1754265600,8632.2,8748.5,8623.4,8747.5,10553,8
1754352000,8738.6,8803.4,8730.4,8792.9,12539,7
1754438400,8786.5,8861.3,8778.3,8827.3,12329,20
1754524800,8839.4,8867.2,8781.7,8806.7,15310,15
1754611200,8811.1,8832.9,8793.9,8813.9,9493,20
1754870400,8815.6,8857.4,8809.6,8837.4,7676,9
1754956800,8830.4,8914.7,8825.4,8912.7,9434,10
1755043200,8907.3,8917.3,8819.1,8886.1,8251,7
1755129600,8870.0,8911.8,8861.3,8881.8,9936,11
1755216000,8883.4,8950.4,8867.2,8904.0,8233,8
1755475200,8908.2,8965.0,8902.3,8929.5,8016,8
1755561600,8935.1,8948.4,8890.6,8932.9,10685,9
1755648000,8904.2,8954.8,8879.8,8943.3,14738,10
1755734400,8934.2,9027.0,8920.2,9010.5,14162,10
1755820800,9010.1,9054.4,8951.1,9050.4,13626,7
1756080000,9044.7,9058.5,8954.0,8957.5,9586,8
1756166400,8967.5,8989.3,8905.3,8983.3,10479,16
1756252800,8972.4,8987.2,8937.5,8978.7,8043,20
1756339200,8957.1,8999.6,8950.9,8959.9,9010,7
1756425600,8955.2,8995.0,8927.0,8951.0,10652,8
1756684800,8943.7,8968.5,8906.1,8921.4,6222,20
1756771200,8901.8,8928.4,8804.7,8863.2,14518,7
1756857600,8853.4,8867.2,8723.2,8777.7,12015,10
1756944000,8750.7,8877.0,8745.7,8874.0,10467,8
1757030400,8867.1,8882.9,8808.4,8847.9,16811,20
1757289600,8843.6,8875.1,8811.4,8833.4,10588,16
1757376000,8830.3,8838.3,8778.1,8803.6,11731,7
1757462400,8803.5,8846.3,8786.3,8811.8,12098,2
1757548800,8808.6,8858.9,8778.4,8852.9,10473,12
1757635200,8843.6,8886.4,8810.9,8813.9,9655,12
1757894400,8807.8,8889.5,8788.6,8888.1,10355,12
1757980800,8882.1,8890.6,8815.8,8836.2,10785,12
1758067200,8838.9,8858.2,8749.3,8792.2,11139,7
1758153600,8795.9,8818.9,8730.7,8796.7,16272,12
1758240000,8797.9,8828.2,8756.7,8817.7,13204,12
1758499200,8809.5,8852.3,8787.0,8824.8,9541,12
1758585600,8824.0,8882.8,8801.3,8808.3,13333,12
1758672000,8812.3,8820.5,8715.6,8723.6,13111,8
1758758400,8726.2,8794.1,8713.5,8768.5,17089,4
1758844800,8770.2,8815.6,8742.0,8798.5,15400,12
1759104000,8803.5,8876.3,8798.3,8871.8,13238,11
1759190400,8863.3,8891.1,8802.6,8830.6,14504,12
1759276800,8835.1,8906.7,8801.9,8892.4,14392,8
1759363200,8882.9,8963.3,8876.7,8929.2,13959,12
1759449600,8925.8,9044.1,8920.8,9010.6,13224,7
1759708800,9027.1,9029.1,8964.0,8981.4,12593,12
1759795200,8981.0,8991.8,8930.8,8952.2,16409,12
1759881600,8953.9,9006.3,8913.7,8977.1,11804,12
1759968000,8987.8,9002.0,8916.1,8926.3,15213,12
1760054400,8931.0,8982.8,8855.3,8864.2,33857,12
1760313600,8887.3,8930.1,8863.3,8901.5,22558,12
1760400000,8896.1,8996.1,8836.9,8966.3,30133,8
1760486400,8965.9,9011.2,8946.2,8996.1,24460,12
1760572800,8986.8,9114.6,8978.8,9044.0,31158,12
1760659200,9043.7,9047.5,8926.9,8978.9,31430,12
1760918400,8995.2,9075.2,8960.0,9068.4,13989,12
1761004800,9070.0,9116.3,9031.8,9036.2,15509,12
1761091200,9039.8,9044.7,8945.7,9002.0,21294,12
1761177600,8993.7,9054.8,8985.5,9034.9,14082,12
1761264000,9039.6,9056.2,9005.4,9040.8,12473,12
1761523200,9071.0,9088.0,9012.0,9035.2,9542,12
1761609600,9045.8,9061.8,9004.0,9021.0,11228,12
1761696000,9001.8,9012.3,8863.3,8885.5,19660,11
1761782400,8891.2,8931.1,8872.2,8917.4,20925,11
1761868800,8921.0,8943.1,8842.5,8867.2,15439,12
1762128000,8848.6,8896.6,8829.4,8884.0,13125,12
1762214400,8873.0,8879.0,8762.3,8821.7,17501,12
1762300800,8792.2,8879.2,8734.2,8862.6,18414,12
1762387200,8850.5,8859.5,8802.1,8816.9,20443,11
1762473600,8826.3,8835.3,8711.9,8778.7,24343,11
1762732800,8799.9,8890.2,8780.9,8880.3,15110,12
1762819200,8832.2,8869.2,8808.9,8842.6,16511,12
1762905600,8837.2,8846.2,8786.5,8817.6,15184,12
1762992000,8790.1,8790.1,8603.6,8608.5,24486,12
1763078400,8613.1,8643.8,8563.1,8597.5,26228,12
1763337600,8617.1,8656.1,8543.7,8580.5,22993,9
1763424000,8584.0,8584.0,8444.0,8467.4,35184,12
1763510400,8482.8,8514.5,8427.0,8482.2,27116,12
1763596800,8526.6,8567.6,8401.1,8407.0,36021,12
1763683200,8415.9,8519.9,8398.1,8495.3,38109,12
1763942400,8510.4,8564.4,8483.4,8556.8,18405,12
1764028800,8535.9,8631.8,8502.2,8626.3,18166,9
1764115200,8633.3,8646.3,8570.9,8627.7,14443,7
1764201600,8627.8,8649.8,8578.3,8585.2,7485,12
1764288000,8600.7,8632.3,8589.7,8613.1,7009,12
1764547200,8618.7,8621.7,8560.0,8574.1,15455,10
1764633600,8594.5,8604.9,8566.5,8586.9,13333,8
1764720000,8588.2,8624.2,8571.9,8608.6,12816,10
1764806400,8608.7,8636.3,8562.2,8621.6,12902,12
1764892800,8606.9,8641.5,8593.0,8604.4,11295,9
1765152000,8613.5,8638.3,8590.0,8600.9,10565,12
1765238400,8598.3,8627.3,8568.7,8605.7,11138,12
1765324800,8590.4,8663.9,8557.2,8647.6,14612,12
1765411200,8642.0,8688.4,8572.9,8674.3,14245,12
1765497600,8659.5,8722.5,8623.2,8653.6,17046,11
1765756800,8649.1,8683.8,8608.8,8633.2,14907,12
1765843200,8654.7,8662.7,8570.9,8598.1,19157,12
1765929600,8572.6,8622.3,8545.2,8561.4,12091,12
1766016000,8567.1,8670.7,8545.7,8632.5,18232,12
1766102400,8634.5,8693.2,8600.3,8657.5,12795,12
1766361600,8678.8,8719.8,8667.7,8707.2,10436,12
1766448000,8733.0,8814.0,8725.8,8781.4,9542,12
1766534400,8763.9,8772.2,8741.3,8772.2,2696,12
1766966400,8781.1,8788.1,8718.3,8735.5,10736,13
1767052800,8738.9,8761.7,8693.5,8719.1,8636,13
1767139200,8731.6,8734.6,8681.3,8697.6,2473,13
1767312000,8710.6,8747.6,8674.2,8738.0,15736,12
1767571200,8744.2,8773.7,8693.9,8771.6,11591,12
1767657600,8750.2,8750.2,8670.0,8723.6,11024,8
1767744000,8716.7,8746.7,8674.2,8697.1,11583,12
1767830400,8702.6,8758.1,8690.8,8751.0,11514,9
1767916800,8727.6,8752.9,8700.8,8738.0,11310,12
1768176000,8767.3,8792.8,8735.7,8789.7,10306,12
1768262400,8803.7,8860.2,8793.4,8805.6,11910,12
1768348800,8824.7,8843.4,8779.2,8842.1,13780,12
1768435200,8841.8,8872.8,8830.8,8848.2,11021,9
1768521600,8860.6,8917.6,8859.6,8903.0,10289,12
1768780800,8901.3,8903.3,8837.8,8845.7,9185,12
1768867200,8840.4,8847.4,8759.4,8770.8,18411,12
1768953600,8779.0,8840.9,8735.3,8825.7,21337,12
1769040000,8847.2,8873.2,8821.2,8838.6,12990,12
1769126400,8839.2,8885.9,8832.2,8863.1,11819,12
1769385600,8873.8,8953.4,8868.8,8905.8,6396,12
1769472000,8938.0,8991.5,8928.0,8977.4,9810,12
1769558400,8973.6,8976.2,8907.5,8933.6,14219,11
1769644800,8892.4,8983.6,8858.4,8963.8,21598,9
1769731200,8950.0,8975.0,8783.0,8809.4,28683,12
1769990400,8826.7,8885.2,8743.9,8872.7,21879,12
1770076800,8875.2,8902.0,8772.7,8836.2,22834,10
1770163200,8839.3,8966.3,8830.3,8912.5,26254,8
1770249600,8911.0,8921.0,8791.2,8792.2,32676,12
1770336000,8741.5,8802.3,8674.9,8791.7,23686,12
1770595200,8847.0,8915.7,8807.0,8905.4,16583,12
1770681600,8911.6,8917.6,8862.8,8890.0,16982,12
1770768000,8910.0,9047.1,8901.7,9006.5,21368,12
1770854400,9051.5,9100.0,8927.0,8940.7,26125,12
1770940800,8969.0,8969.0,8870.4,8948.4,26442,12
1771200000,8942.3,8973.2,8911.5,8952.9,11676,9
1771286400,8971.5,9019.5,8934.0,8998.7,31369,12
1771372800,9004.0,9085.5,8975.4,9048.2,18011,12
1771459200,9082.0,9122.0,9024.5,9052.2,21935,11
1771545600,9054.9,9099.8,9026.2,9093.1,25199,12
1771804800,9076.4,9078.9,9008.4,9052.8,20324,12
1771891200,9045.2,9098.9,8982.7,9086.3,15734,12
1771977600,9098.2,9187.5,9068.7,9181.4,12794,12
1772064000,9174.8,9197.8,9149.3,9191.3,18164,12
1772150400,9186.0,9230.1,9161.0,9189.5,21401,10
1772409600,9160.0,9205.0,9109.5,9174.4,29551,12
1772496000,9172.5,9173.5,8857.0,8947.9,46327,12
1772582400,8937.7,8988.6,8876.7,8975.9,32791,12
1772668800,8945.7,8953.8,8747.2,8798.1,42681,12
1772755200,8829.4,8851.5,8643.9,8683.8,38496,12
1773014400,8565.4,8793.5,8450.4,8748.2,57517,10
1773100800,8745.0,8792.5,8649.5,8716.9,38547,10
1773187200,8712.4,8756.4,8621.9,8657.2,33244,10
1773273600,8638.0,8692.1,8561.1,8584.7,38707,10
1773360000,8594.4,8662.9,8503.0,8534.0,37723,10
1773619200,8576.2,8660.8,8534.8,8637.1,31786,10
1773705600,8611.6,8672.2,8560.2,8615.2,24312,10
1773792000,8619.0,8662.5,8471.0,8486.0,16482,10
1773878400,8497.6,8521.1,8370.1,8490.0,45778,10
1773964800,8472.0,8493.0,8255.0,8303.0,43381,10
1774224000,8279.2,8612.7,8272.7,8513.7,65527,10
1774310400,8474.1,8519.7,8362.7,8454.9,52024,10
1774396800,8500.3,8599.8,8486.3,8542.8,43506,10
1774483200,8531.2,8556.2,8416.9,8431.9,38336,10
1774569600,8494.1,8522.7,8387.2,8411.8,37516,10
1774828800,8421.3,8534.1,8372.1,8458.5,118060,10
1774915200,8460.1,8606.0,8408.4,8596.3,137288,10
1775001600,8602.2,8718.7,8587.9,8684.4,107308,10
1775088000,8690.2,8723.7,8542.3,8579.9,68401,10
1775520000,8653.9,8817.0,8650.0,8739.5,127714,10
1775606400,8874.8,8999.8,8874.8,8940.8,97391,10
1775692800,8919.7,8996.4,8895.2,8963.7,66648,10
1775779200,8968.6,9063.5,8903.0,8999.6,53796,10
1776038400,8926.3,9047.4,8891.1,9041.4,63780,10
1776124800,9029.9,9048.3,8951.6,9022.6,52820,10
1776211200,9010.6,9030.8,8972.5,8990.8,50237,10
1776297600,8987.6,9010.4,8907.8,8935.7,54412,10
1776384000,8942.6,9055.0,8899.0,9023.3,62158,10
1776643200,8964.2,8990.9,8895.4,8968.5,63861,10
1776729600,8999.1,9002.1,8840.2,8846.0,71212,10
1776816000,8884.1,8904.8,8796.2,8830.7,64163,10
1776902400,8822.1,8850.5,8740.3,8805.3,93742,10
1776988800,8808.2,8828.9,8734.7,8749.0,79047,10
1777248000,8738.4,8775.6,8693.0,8708.4,60183,10
1777334400,8719.4,8736.6,8661.6,8683.6,74757,10
1777420800,8678.5,8712.9,8597.4,8630.8,75130,10
1777507200,8631.5,8788.2,8620.7,8773.7,83593,10
1777593600,8783.5,8791.6,8708.9,8716.2,44203,10
1777852800,8724.1,8738.1,8599.4,8636.7,76482,10
1777939200,8640.3,8720.0,8617.3,8708.1,57780,10
1778025600,8708.0,8911.3,8708.0,8886.3,74693,10
1778112000,8855.5,8903.4,8727.6,8734.7,72865,10
1778198400,8724.9,8800.7,8695.7,8713.3,67483,10
1778457600,8691.8,8754.5,8641.2,8721.9,54306,10
1778544000,8722.1,8729.1,8593.3,8653.9,71453,10
1778630400,8643.4,8656.3,8561.3,8607.8,56594,10
1778716800,8603.5,8714.6,8596.0,8688.0,55496,10
1778803200,8686.5,8695.5,8576.9,8597.8,60818,10
1779062400,8586.7,8604.5,8483.7,8588.0,34378,12
1779148800,8598.0,8651.8,8565.0,8582.3,26884,12
1779235200,8571.0,8630.3,8483.9,8626.3,27020,12
1779321600,8584.7,8667.0,8579.7,8660.5,27349,12
1779408000,8663.6,8679.4,8611.2,8625.9,17357,7
1779667200,8650.5,8723.3,8644.5,8712.3,9684,12
1779753600,8706.7,8709.7,8629.0,8655.5,17085,10
1779840000,8651.3,8741.1,8628.0,8675.6,18519,12
1779926400,8672.3,8688.1,8562.5,8659.6,20443,9
1780012800,8655.2,8766.5,8642.2,8721.5,16417,12
1780272000,8722.2,8768.0,8667.5,8700.5,17617,12
1780358400,8676.2,8773.0,8623.0,8771.5,15290,12
1780444800,8763.2,8815.0,8726.0,8735.5,14839,12
1780531200,8711.7,8739.5,8646.7,8711.0,19062,12
1780617600,8701.7,8713.5,8500.0,8525.0,28062,8
1780876800,8516.9,8588.0,8504.5,8533.0,17746,20
1780963200,8506.7,8677.0,8494.5,8618.0,36130,12
1781049600,8599.7,8708.5,8581.4,8608.0,43088,12
1781136000,8585.7,8793.0,8556.7,8790.0,37757,12
1781222400,8797.1,8890.9,8753.9,8857.9,31077,12
1781481600,8889.1,8938.9,8771.9,8792.9,16767,9
1781568000,8805.6,8949.6,8803.6,8899.0,14661,12
1781654400,8894.7,8980.0,8872.7,8885.5,18201,12
1781740800,8908.3,8984.1,8855.6,8867.1,20077,10
1781827200,8860.8,8880.8,8801.1,8817.6,13568,9
1782086400,8807.8,8874.1,8778.8,8844.1,17260,12
1782172800,8833.8,8851.6,8731.6,8799.6,23700,9
1782259200,8790.1,8827.9,8767.4,8789.4,27427,12
1782345600,8818.4,8841.4,8748.2,8774.7,28196,12
1782432000,8756.4,8827.7,8709.3,8795.7,29190,12
1782691200,8804.0,8853.8,8767.1,8838.3,22117,12
1782777600,8826.2,8845.1,8771.4,8800.1,14670,8
1782864000,8806.1,8807.5,8672.6,8708.9,16984,11
1782950400,8712.3,8825.6,8660.7,8777.1,23079,11
1783036800,8771.8,8858.1,8753.9,8811.1,11900,8
1783296000,8807.8,8868.8,8806.8,8823.1,12327,12
1783382400,8819.8,8847.6,8765.1,8776.1,16224,12
1783468800,8759.9,8782.7,8629.7,8731.7,24319,12
1783555200,8721.7,8777.0,8699.5,8765.0,15976,8
1783641600,8746.4,8837.7,8745.5,8829.7,13439,11
1783900800,8799.7,8860.4,8768.7,8805.9,19641,12
1783987200,8792.0,8880.3,8753.8,8848.8,21417,12
1784073600,8844.1,8874.9,8799.3,8850.9,16037,8
1784160000,8845.2,8857.0,8767.4,8815.0,18927,12
1784246400,8804.3,8850.0,8751.1,8839.6,21514,12
1784505600,8832.6,8844.6,8741.4,8755.9,21385,12
1784592000,8746.1,8803.9,8724.4,8800.4,16268,12
1784678400,8797.1,8904.4,8788.1,8871.4,17094,7
1784764800,8866.2,8924.0,8755.0,8787.5,23600,11
1784851200,8779.5,8844.2,8732.3,8810.8,20859,12
1785110400,8826.7,8897.5,8820.7,8865.0,20653,11
1785196800,8849.7,9043.0,8837.7,9025.5,20289,12
1785283200,9015.8,9090.6,8977.0,8985.0,33785,12
1785369600,9006.6,9076.7,8939.6,9066.9,25296,12
1785456000,9059.2,9077.6,8888.0,8927.5,20709,12
1785715200,8954.4,9028.7,8936.4,9018.2,14531,12
1785801600,9021.7,9186.5,9017.7,9176.5,15787,12
1785888000,9183.6,9233.4,9134.4,9201.4,16909,12
1785974400,9209.0,9295.4,9188.6,9251.9,15310,12
1786060800,9244.6,9321.0,9211.4,9295.9,13402,12
1786320000,9286.0,9296.0,9205.3,9238.2,11884,12
1786406400,9228.8,9291.6,9201.4,9213.1,13548,12
1786492800,9215.1,9231.9,9176.5,9197.9,12579,12
1786579200,9182.6,9200.4,9136.4,9145.9,12241,12
1786665600,9147.7,9160.0,9064.1,9081.0,11466,12
1786924800,9085.5,9109.8,9071.2,9089.8,2156,12
