time,open,high,low,close,tick_volume
1529971200,12.6,12.62,12.58,12.59,19
1530057600,12.55,12.57,12.52,12.53,79
1530144000,12.53,12.53,12.47,12.49,51
1530230400,12.5,12.56,12.5,12.52,61
1530489600,12.48,12.48,12.4,12.42,38
1530576000,12.54,12.58,12.54,12.54,28
1530748800,12.56,12.59,12.55,12.58,156
1530835200,12.57,12.57,12.55,12.56,113
1531094400,12.63,12.63,12.59,12.6,348
1531180800,12.56,12.57,12.54,12.55,206
1531267200,12.51,12.51,12.43,12.43,347
1531353600,12.46,12.49,12.46,12.48,57
1531440000,12.42,12.43,12.4,12.42,50
1531699200,12.41,12.42,12.39,12.42,114
1531785600,12.32,12.33,12.26,12.29,215
1531872000,12.26,12.3,12.24,12.28,139
1531958400,12.16,12.29,12.16,12.23,556
1532044800,12.3,12.31,12.28,12.31,274
1532304000,12.27,12.28,12.23,12.25,79
1532390400,12.28,12.29,12.24,12.26,49
1532476800,12.32,12.33,12.29,12.33,22
1532563200,12.28,12.3,12.23,12.23,43
1532649600,12.24,12.26,12.22,12.22,35
1532908800,12.23,12.25,12.22,12.22,37
1532995200,12.18,12.28,12.18,12.25,18
1533081600,12.2,12.22,12.17,12.17,288
1533168000,12.17,12.17,12.09,12.09,100
1533254400,12.15,12.2,12.13,12.14,131
1533513600,12.1,12.11,12.07,12.07,45
1533600000,12.12,12.13,12.08,12.1,53
1533686400,12.1,12.13,12.08,12.13,46
1533772800,12.14,12.16,12.12,12.12,43
1533859200,12.15,12.16,12.11,12.11,50
1534118400,12.02,12.02,11.92,11.94,105
1534204800,11.97,11.98,11.92,11.93,64
1534291200,11.85,11.85,11.74,11.74,102
1534377600,11.77,11.82,11.74,11.74,639
1534464000,11.8,11.83,11.77,11.83,29
1534723200,11.86,11.91,11.85,11.9,61
1534809600,11.89,11.94,11.88,11.93,39
1534896000,11.98,11.98,11.94,11.96,87
1534982400,11.9,11.92,11.84,11.86,76
1535068800,11.96,12.08,11.96,12.06,45
1535328000,12.06,12.12,12.06,12.09,46
1535414400,12.12,12.12,12.0,12.01,39
1535500800,12.03,12.07,12.03,12.06,31
1535587200,12.03,12.03,11.97,12.0,72
1535673600,12.01,12.03,11.99,12.01,59
1536019200,11.91,11.93,11.91,11.93,21
1536105600,11.98,11.98,11.95,11.96,63
1536192000,12.06,12.06,11.98,11.99,166
1536278400,11.99,11.99,11.94,11.97,21
1536537600,11.97,11.98,11.94,11.95,202
1536624000,11.9,11.98,11.88,11.97,520
1536710400,11.95,12.08,11.95,12.06,160
1536796800,12.12,12.12,12.0,12.0,17
1536883200,12.02,12.02,11.93,11.94,46
1537142400,12.0,12.04,12.0,12.0,28
1537228800,12.02,12.02,11.97,11.97,20
1537315200,12.03,12.05,12.02,12.03,118
1537401600,12.07,12.08,12.02,12.07,62
1537488000,11.94,12.01,11.93,11.98,71
1537747200,12.01,12.03,11.98,11.98,103
1537833600,12.01,12.03,12.0,12.01,185
1537920000,11.95,11.98,11.92,11.95,109
1538006400,11.84,11.87,11.83,11.84,217
1538092800,11.87,11.93,11.86,11.91,307
1538352000,11.88,11.91,11.86,11.89,106
1538438400,12.01,12.08,12.01,12.03,179
1538524800,12.05,12.05,11.97,11.99,166
1538611200,12.03,12.05,11.97,12.0,200
1538697600,12.02,12.05,12.01,12.03,46
1538956800,11.87,11.89,11.84,11.89,42
1539043200,11.84,11.9,11.84,11.89,26
1539129600,11.89,11.93,11.87,11.93,54
1539216000,12.07,12.26,12.06,12.23,365
1539302400,12.21,12.23,12.17,12.17,162
1539561600,12.29,12.3,12.25,12.25,52
1539648000,12.3,12.31,12.25,12.26,46
1539734400,12.26,12.28,12.22,12.23,45
1539820800,12.23,12.3,12.23,12.25,135
1539907200,12.27,12.28,12.25,12.26,203
1540166400,12.2,12.23,12.2,12.22,96
1540252800,12.37,12.38,12.3,12.3,141
1540339200,12.3,12.33,12.28,12.33,873
1540425600,12.32,12.32,12.28,12.3,69
1540512000,12.35,12.42,12.32,12.34,133
1540771200,12.31,12.31,12.24,12.29,57
1540857600,12.25,12.26,12.22,12.23,65
1540944000,12.13,12.17,12.13,12.16,85
1541030400,12.32,12.37,12.3,12.33,59
1541116800,12.35,12.35,12.3,12.33,41
1541376000,12.31,12.32,12.29,12.3,253
1541462400,12.31,12.31,12.24,12.27,106
1541548800,12.28,12.3,12.24,12.25,118
1541635200,12.24,12.26,12.2,12.23,128
1541721600,12.1,12.12,12.07,12.09,73
1541980800,12.05,12.05,12.0,12.01,156
1542067200,12.01,12.04,11.99,12.01,82
1542153600,12.0,12.14,12.0,12.11,96
1542240000,12.14,12.16,12.11,12.12,282
1542326400,12.24,12.25,12.19,12.2,200
1542585600,12.2,12.24,12.2,12.22,201
1542672000,12.24,12.25,12.2,12.21,59
1542758400,12.26,12.27,12.25,12.25,66
1542931200,12.23,12.23,12.22,12.22,16
1543190400,12.23,12.24,12.21,12.22,111
1543276800,12.2,12.21,12.11,12.15,153
1543363200,12.12,12.25,12.12,12.2,162
1543449600,12.25,12.27,12.22,12.24,91
1543536000,12.19,12.22,12.17,12.22,291
1543795200,12.33,12.34,12.3,12.3,99
1543881600,12.41,12.41,12.36,12.38,220
1544054400,12.42,12.43,12.37,12.38,127
1544140800,12.43,12.49,12.43,12.48,71
1544400000,12.44,12.46,12.42,12.44,149
1544486400,12.45,12.45,12.4,12.43,117
1544572800,12.44,12.46,12.43,12.45,90
1544659200,12.42,12.43,12.41,12.41,75
1544745600,12.33,12.4,12.32,12.38,83
1545004800,12.42,12.48,12.41,12.46,116
1545091200,12.47,12.49,12.46,12.48,241
1545177600,12.51,12.57,12.41,12.42,372
1545264000,12.58,12.66,12.56,12.6,447
1545350400,12.6,12.6,12.54,12.56,132
1545609600,12.64,13.0,12.64,13.0,324
1545782400,12.75,12.79,12.65,12.65,302
1545868800,12.75,12.8,12.71,12.76,1523
1545955200,12.78,12.8,12.76,12.79,238
1546214400,12.79,12.83,12.78,12.83,228
1546387200,12.83,12.87,12.78,12.82,302
1546473600,12.88,12.95,12.87,12.95,502
1546560000,12.81,12.85,12.77,12.84,254
1546819200,12.91,12.92,12.86,12.88,174
1546905600,12.8,12.86,12.8,12.85,479
1546992000,12.87,12.94,12.87,12.93,766
1547078400,12.9,12.91,12.85,12.87,368
1547164800,12.87,12.91,12.86,12.87,799
1547424000,12.92,12.93,12.89,12.91,316
1547510400,12.93,12.93,12.86,12.88,573
1547596800,12.9,12.94,12.9,12.92,256
1547683200,12.9,12.92,12.88,12.9,352
1547769600,12.81,12.84,12.79,12.79,257
1548115200,12.83,12.85,12.78,12.83,536
1548201600,12.78,12.84,12.78,12.81,275
1548288000,12.8,12.83,12.78,12.8,164
1548374400,12.91,13.0,12.9,12.99,191
1548633600,12.98,13.03,12.97,13.03,394
1548720000,13.08,13.12,13.06,13.1,328
1548806400,13.1,13.22,13.08,13.18,307
1548892800,13.22,13.24,13.18,13.19,280
1548979200,13.21,13.22,13.15,13.16,574
1549238400,13.11,13.15,13.09,13.11,547
1549324800,13.13,13.15,13.12,13.14,390
1549411200,13.13,13.13,13.05,13.05,285
1549497600,13.09,13.1,13.06,13.09,217
1549584000,13.12,13.15,13.11,13.13,156
1549843200,13.03,13.09,13.02,13.07,118
1549929600,13.11,13.11,13.07,13.11,108
1550016000,13.1,13.16,13.04,13.04,325
1550102400,13.09,13.13,13.06,13.11,292
1550188800,13.16,13.21,13.13,13.2,344
1550534400,13.33,13.4,13.32,13.39,271
1550620800,13.42,13.45,13.36,13.37,389
1550707200,13.34,13.34,13.22,13.22,287
1550793600,13.27,13.32,13.26,13.27,243
1551052800,13.31,13.31,13.24,13.26,356
1551139200,13.26,13.28,13.23,13.27,235
1551225600,13.24,13.24,13.16,13.18,609
1551312000,13.18,13.18,13.11,13.11,468
1551398400,13.06,13.11,12.89,12.89,688
1551657600,12.84,12.88,12.81,12.86,352
1551744000,12.83,12.87,12.8,12.87,297
1551830400,12.84,12.87,12.83,12.86,162
1551916800,12.83,12.86,12.82,12.85,160
1552003200,12.98,12.99,12.94,12.98,210
1552262400,12.92,12.92,12.89,12.92,134
1552348800,12.96,13.01,12.94,13.0,392
1552435200,13.06,13.1,13.05,13.09,230
1552521600,12.94,12.97,12.92,12.95,376
1552608000,13.03,13.03,13.0,13.0,191
1552867200,13.04,13.05,13.0,13.03,133
1552953600,13.06,13.08,13.04,13.05,292
1553040000,13.05,13.15,12.97,13.13,413
1553126400,13.1,13.11,13.01,13.08,244
1553212800,13.12,13.13,13.09,13.11,135
1553472000,13.2,13.23,13.18,13.2,239
1553558400,13.13,13.16,13.12,13.14,189
1553644800,13.09,13.11,13.06,13.08,158
1553731200,12.93,12.94,12.87,12.9,306
1553817600,12.94,12.95,12.9,12.91,367
1554076800,12.94,12.94,12.85,12.85,630
1554163200,12.88,12.91,12.87,12.9,187
1554249600,12.88,12.9,12.86,12.88,127
1554336000,12.8,12.93,12.79,12.92,202
1554422400,12.89,12.91,12.87,12.9,151
1554681600,13.0,13.0,12.95,12.97,98
1554768000,13.03,13.05,13.01,13.02,503
1554854400,13.04,13.1,13.04,13.06,307
1554940800,12.96,12.98,12.88,12.89,272
1555027200,12.9,12.94,12.88,12.89,205
1555286400,12.81,12.89,12.81,12.86,173
1555372800,12.73,12.76,12.72,12.76,520
1555459200,12.74,12.75,12.71,12.73,249
1555545600,12.72,12.75,12.71,12.74,177
1555891200,12.74,12.75,12.72,12.74,235
1555977600,12.65,12.72,12.65,12.7,920
1556064000,12.7,12.77,12.7,12.73,130
1556150400,12.8,12.81,12.74,12.76,123
1556236800,12.82,12.87,12.82,12.83,118
1556496000,12.78,12.79,12.76,12.78,95
1556582400,12.79,12.83,12.79,12.82,229
1556668800,12.81,12.85,12.72,12.73,356
1556755200,12.66,12.7,12.65,12.68,372
1556841600,12.75,12.82,12.75,12.76,471
1557100800,12.76,12.81,12.76,12.78,99
1557187200,12.81,12.85,12.79,12.82,218
1557273600,12.85,12.86,12.77,12.79,179
1557360000,12.8,12.86,12.79,12.82,256
1557446400,12.84,12.88,12.83,12.84,270
1557705600,12.97,12.99,12.94,12.98,494
1557792000,12.97,12.98,12.92,12.95,300
1557878400,12.98,12.98,12.93,12.94,477
1557964800,12.9,12.9,12.83,12.85,286
1558051200,12.81,12.81,12.73,12.76,327
1558310400,12.76,12.78,12.74,12.77,233
1558396800,12.69,12.73,12.68,12.72,319
1558483200,12.73,12.74,12.71,12.72,221
1558569600,12.77,12.85,12.77,12.81,530
1558656000,12.81,12.84,12.79,12.83,422
1559001600,12.77,12.79,12.74,12.78,500
1559088000,12.81,12.82,12.78,12.79,318
1559174400,12.8,12.87,12.78,12.87,223
1559260800,12.97,13.05,12.95,13.04,546
1559520000,13.13,13.27,13.11,13.23,569
1559606400,13.21,13.27,13.18,13.25,410
1559692800,13.35,13.37,13.26,13.27,568
1559779200,13.33,13.39,13.31,13.32,253
1559865600,13.41,13.46,13.37,13.39,493
1560124800,13.26,13.28,13.23,13.26,379
1560211200,13.22,13.27,13.21,13.24,775
1560297600,13.29,13.35,13.29,13.31,400
1560384000,13.34,13.41,13.33,13.4,622
1560470400,13.46,13.49,13.37,13.39,455
1560729600,13.39,13.4,13.35,13.38,518
1560816000,13.5,13.51,13.38,13.44,346
1560902400,13.41,13.53,13.41,13.52,441
1560988800,13.8,13.91,13.78,13.88,528
1561075200,13.96,13.98,13.87,13.96,414
1561334400,14.05,14.18,14.02,14.18,696
1561420800,14.27,14.34,14.1,14.2,799
1561507200,14.08,14.13,14.02,14.08,226
1561593600,14.02,14.07,14.0,14.07,227
1561680000,14.04,14.11,14.04,14.09,660
1561939200,13.91,13.93,13.81,13.82,316
1562025600,13.9,14.13,13.88,14.11,329
1562112000,14.11,14.19,14.11,14.15,119
1562284800,13.9,14.0,13.85,13.98,277
1562544000,14.0,14.0,13.9,13.9,331
1562630400,13.92,13.98,13.88,13.95,244
1562716800,14.07,14.16,14.02,14.15,581
1562803200,14.14,14.14,14.02,14.05,435
1562889600,14.08,14.15,14.03,14.12,486
1563148800,14.1,14.13,14.05,14.13,291
1563235200,14.08,14.1,13.99,14.01,781
1563321600,14.07,14.24,14.07,14.23,463
1563408000,14.17,14.46,14.14,14.45,1032
1563494400,14.34,14.4,14.17,14.22,458
1563753600,14.24,14.27,14.21,14.23,936
1563840000,14.23,14.28,14.14,14.14,418
1563926400,14.25,14.26,14.19,14.21,402
1564012800,14.21,14.21,14.08,14.13,353
1564099200,14.2,14.21,14.14,14.14,359
1564358400,14.19,14.26,14.14,14.25,320
1564444800,14.26,14.3,14.22,14.28,879
1564531200,14.28,14.31,14.08,14.1,624
1564617600,14.02,14.43,14.01,14.43,572
1564704000,14.33,14.45,14.33,14.39,738
1564963200,14.61,14.67,14.52,14.59,1141
1565049600,14.63,14.72,14.61,14.7,557
1565136000,14.95,15.07,14.91,14.93,2333
1565222400,14.9,15.07,14.89,15.01,946
1565308800,14.95,15.02,14.92,14.95,487
1565568000,14.99,15.17,14.99,15.09,782
1565654400,15.16,15.17,14.77,15.0,1727
1565740800,15.12,15.22,15.05,15.11,1056
1565827200,15.11,15.25,15.1,15.21,807
1565913600,15.11,15.15,15.02,15.12,682
1566172800,14.95,15.01,14.91,14.94,960
1566259200,15.01,15.06,14.99,15.06,623
1566345600,15.0,15.05,14.98,15.0,838
1566432000,14.97,15.01,14.94,14.97,569
1566518400,15.01,15.27,14.99,15.25,848
1566777600,15.28,15.35,15.23,15.26,731
1566864000,15.28,15.42,15.27,15.39,1074
1566950400,15.39,15.42,15.3,15.37,702
1567036800,15.39,15.4,15.17,15.26,823
1567123200,15.25,15.29,15.15,15.22,701
1567468800,15.35,15.47,15.32,15.44,742
1567555200,15.41,15.54,15.41,15.52,1035
1567641600,15.35,15.35,15.03,15.17,1350
1567728000,15.2,15.25,15.02,15.02,768
1567987200,15.07,15.08,14.95,14.96,294
1568073600,14.94,14.97,14.83,14.84,514
1568160000,14.85,14.95,14.85,14.93,394
1568246400,15.11,15.15,14.94,14.97,683
1568332800,15.0,15.03,14.83,14.83,615
1568592000,14.99,15.03,14.92,14.96,425
1568678400,15.01,15.04,14.95,15.0,404
1568764800,15.02,15.08,14.82,14.9,877
1568851200,14.99,15.0,14.94,14.95,404
1568937600,14.99,15.14,14.97,15.13,862
1569196800,15.16,15.24,15.14,15.22,666
1569283200,15.17,15.33,15.13,15.29,982
1569369600,15.24,15.26,14.98,15.02,668
1569456000,15.07,15.09,14.99,15.01,753
1569542400,14.87,14.99,14.84,14.93,608
1569801600,14.8,14.84,14.62,14.71,1230
1569888000,14.62,14.83,14.59,14.78,1485
1569974400,14.91,15.02,14.87,14.96,911
1570060800,14.97,15.16,14.96,15.03,973
1570147200,14.96,15.07,14.95,15.02,954
1570406400,14.97,15.02,14.87,14.9,985
1570492800,15.04,15.06,14.95,15.03,833
1570579200,15.05,15.09,15.0,15.04,493
1570665600,14.99,14.99,14.89,14.91,334
1570752000,14.82,14.87,14.71,14.82,676
1571011200,14.86,14.91,14.86,14.89,344
1571097600,14.83,14.85,14.74,14.78,513
1571184000,14.84,14.88,14.8,14.86,436
1571270400,14.88,14.94,14.87,14.89,312
1571356800,14.88,14.9,14.86,14.88,189
1571616000,14.89,14.91,14.78,14.8,441
1571702400,14.83,14.86,14.79,14.84,374
1571788800,14.88,14.93,14.88,14.88,391
1571875200,14.93,15.01,14.93,14.98,378
1571961600,15.12,15.12,14.98,15.02,463
1572220800,14.89,14.91,14.86,14.9,366
1572307200,14.83,14.87,14.81,14.86,284
1572393600,14.89,14.94,14.78,14.93,484
1572480000,15.11,15.11,15.05,15.09,294
1572566400,15.09,15.11,15.04,15.11,344
1572825600,15.07,15.09,15.01,15.05,423
1572912000,14.89,14.92,14.76,14.82,820
1572998400,14.84,14.91,14.83,14.88,476
1573084800,14.85,14.85,14.57,14.64,1072
1573171200,14.58,14.65,14.55,14.57,462
1573430400,14.57,14.59,14.45,14.52,603
1573516800,14.5,14.58,14.44,14.55,375
1573603200,14.61,14.64,14.57,14.6,529
1573689600,14.66,14.72,14.61,14.67,323
1573776000,14.62,14.66,14.61,14.63,335
1574035200,14.66,14.71,14.64,14.68,435
1574121600,14.63,14.72,14.63,14.69,408
1574208000,14.67,14.72,14.62,14.7,534
1574294400,14.66,14.68,14.59,14.62,517
1574380800,14.65,14.66,14.58,14.59,645
1574640000,14.53,14.57,14.5,14.52,500
1574726400,14.52,14.6,14.47,14.6,517
1574812800,14.51,14.54,14.49,14.51,427
1574985600,14.52,14.63,14.51,14.61,271
1575244800,14.55,14.62,14.55,14.6,640
1575331200,14.73,14.78,14.72,14.74,456
1575417600,14.73,14.74,14.68,14.72,482
1575504000,14.7,14.77,14.7,14.72,452
1575590400,14.59,14.6,14.55,14.57,506
1575849600,14.59,14.6,14.55,14.58,515
1575936000,14.65,14.65,14.59,14.61,574
1576022400,14.64,14.75,14.63,14.72,446
1576108800,14.81,14.81,14.61,14.66,749
1576195200,14.68,14.74,14.63,14.73,325
1576454400,14.74,14.76,14.7,14.73,406
1576540800,14.73,14.74,14.71,14.73,392
1576627200,14.72,14.75,14.7,14.73,573
1576713600,14.72,14.78,14.71,14.76,380
1576800000,14.75,14.77,14.72,14.74,303
1577059200,14.79,14.83,14.78,14.82,281
1577145600,14.88,14.97,14.88,14.89,367
1577318400,15.05,15.09,15.03,15.09,453
1577404800,15.08,15.12,15.06,15.07,307
1577664000,15.1,15.13,15.1,15.11,514
1577750400,15.18,15.21,15.12,15.14,902
1577923200,15.24,15.28,15.19,15.24,1327
1578009600,15.43,15.49,15.4,15.45,870
1578268800,15.72,15.73,15.57,15.62,621
1578355200,15.63,15.69,15.62,15.68,522
1578441600,15.74,15.74,15.49,15.56,930
1578528000,15.47,15.51,15.41,15.46,659
1578614400,15.49,15.58,15.49,15.56,389
1578873600,15.5,15.51,15.44,15.44,606
1578960000,15.4,15.45,15.37,15.44,439
1579046400,15.49,15.54,15.44,15.52,347
1579132800,15.5,15.52,15.44,15.5,469
1579219200,15.53,15.58,15.5,15.53,411
1579564800,15.44,15.55,15.43,15.54,529
1579651200,15.54,15.56,15.51,15.54,632
1579737600,15.54,15.64,15.54,15.59,966
1579824000,15.57,15.71,15.57,15.68,528
1580083200,15.82,15.82,15.73,15.78,756
1580169600,15.72,15.74,15.63,15.65,672
1580256000,15.65,15.74,15.63,15.73,455
1580342400,15.74,15.82,15.68,15.73,668
1580428800,15.78,15.86,15.77,15.82,885
1580688000,15.75,15.76,15.66,15.72,898
1580774400,15.57,15.57,15.45,15.51,705
1580860800,15.5,15.56,15.48,15.53,826
1580947200,15.59,15.63,15.58,15.62,477
1581033600,15.66,15.7,15.61,15.66,604
1581292800,15.71,15.73,15.68,15.71,549
1581379200,15.67,15.69,15.58,15.64,820
1581465600,15.62,15.66,15.59,15.63,411
1581552000,15.71,15.75,15.68,15.72,449
1581638400,15.75,15.8,15.75,15.78,447
1581984000,15.88,16.0,15.84,15.99,506
1582070400,16.0,16.09,15.98,16.08,592
1582156800,16.11,16.19,16.1,16.15,671
1582243200,16.37,16.45,16.34,16.39,1213
1582502400,16.79,16.81,16.46,16.54,1313
1582588800,16.44,16.54,16.21,16.25,1136
1582675200,16.31,16.46,16.21,16.31,794
1582761600,16.49,16.55,16.31,16.32,1348
1582848000,16.18,16.19,15.58,15.75,1941
1583107200,15.89,15.97,15.8,15.81,1302
1583193600,15.99,16.44,15.98,16.3,1308
1583280000,16.35,16.41,16.29,16.34,757
1583366400,16.54,16.7,16.5,16.68,1142
1583452800,16.78,16.87,16.38,16.69,1904
1583712000,16.65,16.77,16.57,16.72,1279
1583798400,16.49,16.57,16.38,16.4,795
1583884800,16.54,16.55,16.28,16.32,807
1583971200,15.76,16.03,15.57,15.67,1576
1584057600,15.68,15.7,15.01,15.19,1682
1584316800,14.75,15.14,14.56,15.11,1325
1584403200,15.07,15.49,15.03,15.24,1381
1584489600,15.08,15.09,14.7,14.81,1391
1584576000,14.83,14.87,14.62,14.63,1082
1584662400,14.93,14.96,14.75,14.85,910
1584921600,15.2,15.58,15.2,15.5,1703
1585008000,16.11,16.35,16.02,16.22,1128
1585094400,16.06,16.15,16.02,16.04,1055
1585180800,16.31,16.39,16.13,16.23,780
1585267200,16.16,16.28,16.13,16.17,1026
1585526400,16.15,16.22,16.07,16.19,928
1585612800,16.04,16.09,15.71,15.71,1008
1585699200,15.73,15.9,15.65,15.84,1545
1585785600,16.02,16.16,15.96,16.11,1512
1585872000,16.14,16.22,16.07,16.2,1515
1586131200,16.33,16.65,16.32,16.61,1189
1586217600,16.46,16.56,16.37,16.54,1745
1586304000,16.48,16.52,16.39,16.41,582
1586390400,16.73,16.86,16.66,16.8,1234
1586736000,16.89,17.19,16.82,17.12,2188
1586822400,17.26,17.43,17.16,17.21,1707
1586908800,17.15,17.23,17.04,17.19,1113
1586995200,17.16,17.29,17.03,17.15,1564
1587081600,16.92,16.96,16.76,16.81,1359
1587340800,16.79,16.98,16.77,16.92,1145
1587427200,16.67,16.86,16.64,16.81,1471
1587513600,17.03,17.15,17.0,17.13,1097
1587600000,17.21,17.34,17.17,17.29,1512
1587686400,17.3,17.31,17.06,17.22,837
1587945600,17.16,17.16,17.01,17.12,786
1588032000,17.05,17.06,16.89,17.03,1178
1588118400,16.96,17.13,16.93,17.09,1714
1588204800,16.99,17.03,16.76,16.82,1375
1588291200,16.72,17.01,16.72,16.99,759
1588550400,17.0,17.05,16.95,17.0,1068
1588636800,16.97,17.08,16.89,17.07,1184
1588723200,16.86,16.92,16.77,16.87,1504
1588809600,16.92,17.18,16.9,17.12,2828
1588896000,17.1,17.17,16.97,17.03,990
1589155200,16.99,17.04,16.86,16.93,1620
1589241600,16.99,17.07,16.92,16.97,1946
1589328000,17.03,17.13,17.01,17.13,1052
1589414400,17.13,17.32,17.13,17.29,1039
1589500800,17.38,17.46,17.3,17.4,1159
1589760000,17.43,17.45,17.22,17.28,1331
1589846400,17.34,17.43,17.28,17.41,1840
1589932800,17.44,17.49,17.38,17.45,1722
1590019200,17.33,17.34,17.12,17.2,2046
1590105600,17.27,17.33,17.25,17.31,2371
1590451200,17.22,17.23,17.03,17.06,1640
1590537600,16.9,17.11,16.88,17.08,1245
1590624000,17.19,17.22,17.06,17.15,1403
1590710400,17.25,17.33,17.22,17.27,1194
1590969600,17.29,17.37,17.22,17.35,1303
1591056000,17.39,17.39,17.17,17.23,1107
1591142400,17.0,17.07,16.84,16.91,1835
1591228800,17.08,17.16,16.95,17.11,896
1591315200,16.81,16.83,16.65,16.77,1767
1591574400,16.83,16.95,16.81,16.93,1199
1591660800,17.08,17.16,17.06,17.09,2071
1591747200,17.19,17.35,17.03,17.34,1153
1591833600,17.32,17.4,17.18,17.23,1658
1591920000,17.33,17.39,17.24,17.25,1170
1592179200,17.02,17.24,16.98,17.21,862
1592265600,17.17,17.25,17.12,17.2,884
1592352000,17.19,17.25,17.16,17.25,1749
1592438400,17.2,17.21,17.11,17.2,576
1592524800,17.27,17.4,17.26,17.39,938
1592784000,17.51,17.57,17.44,17.51,994
1592870400,17.57,17.66,17.55,17.66,1206
1592956800,17.6,17.7,17.54,17.59,1730
1593043200,17.59,17.6,17.52,17.58,902
1593129600,17.47,17.67,17.42,17.66,1198
1593388800,17.67,17.68,17.62,17.68,803
1593475200,17.63,17.8,17.63,17.76,1468
1593561600,17.71,17.71,17.54,17.68,1234
1593648000,17.63,17.74,17.61,17.7,903
1593993600,17.79,17.82,17.73,17.82,1038
1594080000,17.76,17.93,17.76,17.92,1475
1594166400,18.07,18.12,18.01,18.05,1775
1594252800,18.08,18.1,17.9,17.98,1835
1594339200,18.04,18.04,17.88,17.94,1028
1594598400,18.07,18.08,17.95,17.95,1161
1594684800,17.91,18.05,17.9,18.05,976
1594771200,17.98,18.08,17.96,18.08,763
1594857600,18.0,18.03,17.89,17.89,1510
1594944000,18.01,18.06,17.99,18.06,806
1595203200,18.12,18.14,18.06,18.13,1035
1595289600,18.3,18.38,18.28,18.35,2368
1595376000,18.45,18.65,18.43,18.63,1634
1595462400,18.69,18.92,18.63,18.8,1867
1595548800,19.0,19.0,18.91,18.96,1779
1595808000,19.29,19.39,19.26,19.34,2891
1595894400,19.3,19.55,19.24,19.51,2165
1595980800,19.52,19.74,19.34,19.64,2248
1596067200,19.46,19.56,19.31,19.5,1645
1596153600,19.57,19.71,19.54,19.69,2116
1596412800,19.63,19.72,19.53,19.7,2115
1596499200,19.68,20.11,19.65,20.1,1756
1596585600,20.32,20.48,20.21,20.31,2786
1596672000,20.55,20.63,20.43,20.57,2754
1596758400,20.44,20.46,20.08,20.24,2206
1597017600,20.28,20.43,20.12,20.18,1933
1597104000,19.47,19.51,19.04,19.09,3930
1597190400,19.37,19.42,19.0,19.01,2373
1597276800,19.27,19.59,19.24,19.45,1237
1597363200,19.46,19.48,19.25,19.36,1080
1597622400,19.6,19.83,19.59,19.78,1394
1597708800,20.06,20.09,19.69,19.97,1676
1597795200,19.86,19.88,19.27,19.34,1976
1597881600,19.22,19.48,19.2,19.46,1210
1597968000,19.31,19.38,19.15,19.31,1149
1598227200,19.4,19.4,19.16,19.2,978
1598313600,19.2,19.23,19.07,19.22,1386
1598400000,19.12,19.48,19.12,19.45,1162
1598486400,19.64,19.64,19.03,19.23,2259
1598572800,19.52,19.66,19.46,19.56,939
1598832000,19.6,19.67,19.55,19.61,1281
1598918400,19.83,19.83,19.57,19.63,1053
1599004800,19.48,19.5,19.26,19.36,1147
1599091200,19.34,19.39,19.15,19.21,1730
1599177600,19.2,19.32,19.1,19.28,1192
1599523200,19.04,19.34,19.0,19.23,1276
1599609600,19.35,19.44,19.33,19.41,1570
1599696000,19.52,19.59,19.34,19.36,1089
1599782400,19.43,19.47,19.31,19.35,804
1600041600,19.48,19.55,19.46,19.5,896
1600128000,19.57,19.59,19.4,19.47,880
1600214400,19.63,19.63,19.45,19.51,1126
1600300800,19.3,19.42,19.27,19.41,808
1600387200,19.42,19.53,19.38,19.43,825
1600646400,19.09,19.13,18.75,19.05,2191
1600732800,19.05,19.1,18.9,18.96,1232
1600819200,18.78,18.82,18.48,18.55,2180
1600905600,18.5,18.69,18.43,18.61,1226
1600992000,18.51,18.6,18.45,18.56,1207
1601251200,18.66,18.76,18.58,18.75,799
1601337600,18.8,18.92,18.78,18.91,1010
1601424000,18.84,18.95,18.75,18.79,1045
1601510400,18.96,19.04,18.89,18.96,1253
1601596800,18.96,19.02,18.91,18.94,2382
1601856000,18.99,19.12,18.99,19.04,815
1601942400,19.12,19.14,18.8,18.8,1466
1602028800,18.79,18.82,18.72,18.81,823
1602115200,18.89,18.92,18.75,18.87,1288
1602201600,19.11,19.22,19.09,19.22,835
1602460800,19.15,19.19,19.12,19.16,731
1602547200,18.94,18.95,18.8,18.85,1606
1602633600,19.01,19.06,18.91,18.91,1409
1602720000,18.86,19.02,18.85,18.99,907
1602806400,19.01,19.03,18.9,18.91,669
1603065600,19.02,19.03,18.93,18.93,720
1603152000,18.96,19.07,18.9,19.02,869
1603238400,19.15,19.24,19.13,19.18,844
1603324800,18.98,18.99,18.86,18.98,900
1603411200,19.02,19.02,18.87,18.95,801
1603670400,18.96,18.99,18.91,18.95,548
1603756800,18.98,19.05,18.97,19.0,860
1603843200,18.67,18.77,18.62,18.69,1150
1603929600,18.66,18.7,18.58,18.62,739
1604016000,18.75,18.77,18.67,18.71,802
1604275200,18.83,18.89,18.8,18.88,1666
1604361600,18.99,19.03,18.92,18.99,879
1604448000,18.99,19.01,18.85,18.99,998
1604534400,19.21,19.46,19.2,19.41,1152
1604620800,19.46,19.48,19.33,19.45,858
1604880000,18.71,18.72,18.43,18.58,2515
1604966400,18.76,18.78,18.65,18.66,1173
1605052800,18.54,18.61,18.52,18.56,2849
1605139200,18.68,18.76,18.66,18.67,2443
1605225600,18.85,18.87,18.76,18.8,1492
1605484800,18.8,18.88,18.77,18.79,841
1605571200,18.81,18.83,18.69,18.73,1133
1605657600,18.71,18.77,18.61,18.63,1065
1605744000,18.5,18.6,18.48,18.59,805
1605830400,18.7,18.72,18.64,18.66,558
1606089600,18.59,18.6,18.23,18.28,1470
1606176000,17.97,18.01,17.92,18.0,2681
1606262400,18.04,18.1,17.96,18.0,1545
1606435200,17.72,17.82,17.7,17.79,1179
1606694400,17.68,17.77,17.62,17.69,1839
1606780800,18.02,18.09,17.97,18.06,1534
1606867200,18.1,18.23,18.06,18.21,1201
1606953600,18.33,18.35,18.16,18.35,1265
1607040000,18.36,18.39,18.21,18.29,1327
1607299200,18.32,18.6,18.32,18.56,1885
1607385600,18.63,18.68,18.54,18.63,1048
1607472000,18.45,18.48,18.18,18.31,1363
1607558400,18.35,18.43,18.22,18.28,1554
1607644800,18.29,18.4,18.27,18.32,2807
1607904000,18.25,18.3,18.15,18.21,662
1607990400,18.41,18.47,18.37,18.47,1927
1608076800,18.47,18.58,18.37,18.56,2373
1608163200,18.81,18.88,18.74,18.76,966
1608249600,18.76,18.79,18.7,18.74,1152
1608508800,18.71,18.78,18.66,18.68,962
1608595200,18.72,18.72,18.5,18.54,988
1608681600,18.59,18.7,18.59,18.65,1163
1608768000,18.64,18.73,18.63,18.73,588
1609113600,18.81,18.89,18.64,18.66,1131
1609200000,18.72,18.78,18.64,18.72,1176
1609286400,18.73,18.86,18.73,18.85,1047
1609372800,18.9,18.94,18.82,18.93,771
1609718400,19.32,19.37,19.21,19.37,1787
1609804800,19.41,19.45,19.31,19.41,1211
1609891200,19.27,19.28,18.93,19.11,2321
1609977600,19.09,19.1,18.99,19.05,994
1610064000,18.77,18.8,18.21,18.4,2465
1610323200,18.27,18.44,18.26,18.37,1614
1610409600,18.38,18.5,18.3,18.48,1465
1610496000,18.45,18.53,18.38,18.41,1279
1610582400,18.42,18.49,18.33,18.39,1346
1610668800,18.36,18.38,18.15,18.18,1631
1611014400,18.35,18.35,18.26,18.32,1276
1611100800,18.52,18.64,18.45,18.61,1411
1611187200,18.59,18.64,18.53,18.61,1089
1611273600,18.35,18.51,18.3,18.46,1294
1611532800,18.57,18.58,18.39,18.48,1255
1611619200,18.48,18.5,18.41,18.44,1131
1611705600,18.36,18.43,18.24,18.32,1199
1611792000,18.51,18.55,18.27,18.34,1534
1611878400,18.58,18.6,18.34,18.34,1194
1612137600,18.56,18.6,18.49,18.51,1108
1612224000,18.32,18.32,18.21,18.28,1485
1612310400,18.3,18.33,18.22,18.25,1284
1612396800,17.87,17.89,17.77,17.86,1793
1612483200,17.94,18.07,17.91,18.03,1127
1612742400,18.26,18.31,18.22,18.22,985
1612828800,18.33,18.37,18.24,18.29,1048
1612915200,18.39,18.4,18.26,18.34,1273
1613001600,18.34,18.36,18.13,18.17,1292
1613088000,18.07,18.22,18.04,18.12,931
1613433600,17.84,18.06,17.81,17.87,1562
1613520000,17.73,17.76,17.62,17.66,1487
1613606400,17.73,17.76,17.6,17.66,1466
1613692800,17.71,17.83,17.69,17.74,1145
1613952000,17.9,18.04,17.88,18.0,1260
1614038400,17.98,18.03,17.89,17.96,806
1614124800,17.8,17.96,17.75,17.95,1029
1614211200,17.73,17.8,17.57,17.61,2126
1614297600,17.53,17.53,17.09,17.18,2484
1614556800,17.32,17.35,17.12,17.16,1113
1614643200,17.2,17.3,17.12,17.24,1173
1614729600,17.05,17.17,16.94,17.05,1448
1614816000,17.06,17.14,16.82,16.89,1098
1614902400,16.96,16.97,16.84,16.9,2395
1615161600,16.84,16.86,16.68,16.73,1165
1615248000,17.07,17.12,17.04,17.07,1111
1615334400,17.1,17.18,17.07,17.17,832
1615420800,17.15,17.2,17.11,17.15,1177
1615507200,16.95,17.17,16.93,17.16,1833
1615766400,17.21,17.25,17.15,17.22,1195
1615852800,17.32,17.34,17.19,17.24,1375
1615939200,17.26,17.44,17.18,17.36,1441
1616025600,17.17,17.3,17.16,17.27,1170
1616112000,17.27,17.36,17.26,17.34,754
1616371200,17.28,17.33,17.25,17.32,554
1616457600,17.2,17.23,17.16,17.19,605
1616544000,17.23,17.29,17.21,17.25,803
1616630400,17.3,17.3,17.14,17.19,680
1616716800,17.22,17.29,17.2,17.24,565
1616976000,17.15,17.15,16.98,17.03,706
1617062400,16.78,16.8,16.73,16.74,843
1617148800,16.8,17.06,16.8,17.0,1044
1617235200,17.16,17.22,17.14,17.21,665
1617580800,17.15,17.25,17.14,17.19,1373
1617667200,17.3,17.37,17.29,17.35,1752
1617753600,17.29,17.35,17.26,17.29,1418
1617840000,17.46,17.5,17.45,17.48,1335
1617926400,17.29,17.39,17.26,17.35,1203
1618185600,17.28,17.3,17.19,17.24,1726
1618272000,17.34,17.41,17.32,17.35,1103
1618358400,17.3,17.32,17.24,17.28,1335
1618444800,17.42,17.62,17.42,17.57,1219
1618531200,17.65,17.72,17.63,17.67,1231
1618790400,17.63,17.68,17.6,17.61,1292
1618876800,17.6,17.72,17.6,17.69,1153
1618963200,17.76,17.9,17.75,17.86,1259
1619049600,17.75,17.8,17.69,17.75,772
1619136000,17.79,17.8,17.61,17.68,684
1619395200,17.7,17.73,17.64,17.73,548
1619481600,17.73,17.76,17.66,17.68,601
1619568000,17.61,17.74,17.58,17.74,624
1619654400,17.59,17.67,17.47,17.65,1959
1619740800,17.61,17.63,17.56,17.61,754
1620000000,17.82,17.89,17.78,17.83,790
1620086400,17.81,17.9,17.62,17.7,1078
1620172800,17.7,17.78,17.7,17.78,673
1620259200,17.84,18.09,17.84,18.06,950
1620345600,18.23,18.34,18.17,18.24,1542
1620604800,18.35,18.36,18.25,18.29,2023
1620691200,18.12,18.3,18.09,18.3,1334
1620777600,18.22,18.26,18.1,18.1,1343
1620864000,18.09,18.2,18.09,18.19,775
1620950400,18.29,18.36,18.26,18.35,742
1621209600,18.41,18.59,18.41,18.56,1766
1621296000,18.6,18.62,18.54,18.59,1263
1621382400,18.62,18.8,18.52,18.62,1604
1621468800,18.64,18.75,18.61,18.69,848
1621555200,18.76,18.79,18.61,18.71,1070
1621814400,18.71,18.76,18.69,18.74,676
1621900800,18.72,18.91,18.7,18.9,1076
1621987200,18.95,18.98,18.81,18.87,918
1622073600,18.84,18.9,18.79,18.88,2806
1622160000,18.86,18.96,18.83,18.95,1082
1622505600,18.99,19.0,18.83,18.9,876
1622592000,18.95,19.0,18.91,19.0,907
1622678400,18.67,18.67,18.56,18.62,795
1622764800,18.78,18.86,18.77,18.82,701
1623024000,18.8,18.91,18.77,18.9,986
1623110400,18.84,18.87,18.74,18.84,1250
1623196800,18.85,18.89,18.79,18.8,553
1623283200,18.78,18.9,18.75,18.89,687
1623369600,18.74,18.76,18.65,18.67,705
1623628800,18.39,18.6,18.38,18.57,930
1623715200,18.57,18.59,18.42,18.5,1278
1623801600,18.48,18.53,18.18,18.19,1021
1623888000,17.75,17.81,17.59,17.63,1380
1623974400,17.66,17.71,17.53,17.53,1074
1624233600,17.69,17.77,17.64,17.73,824
1624320000,17.67,17.75,17.65,17.67,695
1624406400,17.75,17.87,17.64,17.66,1755
1624492800,17.75,17.77,17.64,17.64,1082
1624579200,17.8,17.8,17.67,17.7,1669
1624838400,17.71,17.74,17.68,17.7,1110
1624924800,17.47,17.57,17.43,17.52,1201
1625011200,17.48,17.65,17.46,17.61,947
1625097600,17.71,17.73,17.59,17.67,956
1625184000,17.8,17.83,17.69,17.79,928
1625529600,17.98,18.04,17.81,17.87,814
1625616000,17.93,17.99,17.88,17.93,644
1625702400,18.06,18.06,17.85,17.93,938
1625788800,17.94,18.03,17.93,17.98,768
1626048000,17.93,17.98,17.82,17.96,606
1626134400,18.02,18.06,17.95,17.99,934
1626220800,18.17,18.18,18.1,18.17,683
1626307200,18.16,18.21,18.1,18.2,921
1626393600,18.14,18.17,18.0,18.01,666
1626652800,18.02,18.07,17.95,18.03,1085
1626739200,18.13,18.15,17.95,18.0,675
1626825600,17.88,17.97,17.88,17.95,898
1626912000,17.9,17.99,17.87,17.97,541
1626998400,17.9,17.96,17.86,17.91,671
1627257600,17.91,17.95,17.86,17.87,629
1627344000,17.94,17.95,17.86,17.91,695
1627430400,17.89,18.01,17.84,18.0,625
1627516800,18.14,18.23,18.14,18.19,704
1627603200,18.15,18.17,18.0,18.04,755
1627862400,18.01,18.1,17.98,18.03,944
1627948800,18.0,18.05,17.99,18.02,795
1628035200,18.21,18.22,17.97,18.02,786
1628121600,18.01,18.01,17.88,17.95,704
1628208000,17.62,17.63,17.49,17.5,1080
1628467200,17.33,17.36,17.14,17.19,1236
1628553600,17.15,17.23,17.08,17.19,845
1628640000,17.34,17.45,17.3,17.44,665
1628726400,17.39,17.45,17.32,17.44,657
1628812800,17.54,17.71,17.53,17.7,581
1629072000,17.73,17.8,17.71,17.77,587
1629158400,17.78,17.84,17.71,17.75,669
1629244800,17.77,17.81,17.68,17.77,761
1629331200,17.78,17.79,17.66,17.72,674
1629417600,17.73,17.77,17.69,17.73,442
1629676800,17.95,17.96,17.86,17.95,565
1629763200,17.98,18.0,17.92,17.93,724
1629849600,17.85,17.85,17.73,17.82,981
1629936000,17.78,17.88,17.74,17.83,1630
1630022400,17.82,18.1,17.76,18.08,891
1630281600,18.03,18.06,17.98,18.02,608
1630368000,17.99,18.07,17.94,18.05,1012
1630454400,18.06,18.08,17.99,18.05,1264
1630540800,18.03,18.04,17.95,17.99,720
1630627200,18.14,18.24,18.09,18.19,854
1630972800,18.02,18.06,17.83,17.84,938
1631059200,17.86,17.87,17.73,17.78,801
1631145600,17.88,17.89,17.74,17.86,1067
1631232000,17.84,17.87,17.77,17.78,591
1631491200,17.8,17.88,17.8,17.83,1440
1631577600,17.89,17.98,17.81,17.94,774
1631664000,17.88,17.9,17.81,17.84,739
1631750400,17.47,17.48,17.36,17.44,1087
1631836800,17.41,17.48,17.37,17.42,869
1632096000,17.45,17.57,17.45,17.53,1008
1632182400,17.62,17.72,17.59,17.64,2015
1632268800,17.65,17.77,17.55,17.59,1721
1632355200,17.45,17.46,17.36,17.39,2142
1632441600,17.33,17.44,17.3,17.36,1003
1632700800,17.42,17.48,17.39,17.4,1167
1632787200,17.31,17.31,17.2,17.23,1898
1632873600,17.26,17.29,17.12,17.16,1161
1632960000,17.3,17.54,17.26,17.47,2383
1633046400,17.47,17.54,17.43,17.49,1228
1633305600,17.41,17.6,17.38,17.59,1413
1633392000,17.43,17.53,17.39,17.5,1088
1633478400,17.46,17.55,17.46,17.53,994
1633564800,17.44,17.53,17.43,17.45,708
1633651200,17.68,17.69,17.46,17.48,850
1633910400,17.45,17.5,17.43,17.43,528
1633996800,17.51,17.59,17.48,17.5,998
1634083200,17.58,17.86,17.58,17.82,915
1634169600,17.88,17.89,17.84,17.87,557
1634256000,17.59,17.66,17.55,17.58,791
1634515200,17.58,17.61,17.53,17.53,1127
1634601600,17.7,17.7,17.56,17.6,920
1634688000,17.68,17.77,17.65,17.74,931
1634774400,17.72,17.75,17.68,17.74,747
1634860800,17.95,18.03,17.72,17.84,887
1635120000,17.94,18.0,17.92,17.97,1086
1635206400,17.86,17.86,17.72,17.82,1088
1635292800,17.83,17.89,17.75,17.87,716
1635379200,17.97,18.0,17.81,17.88,908
1635465600,17.68,17.74,17.61,17.73,702
1635724800,17.84,17.85,17.79,17.82,448
1635811200,17.77,17.82,17.75,17.77,520
1635897600,17.5,17.65,17.48,17.63,707
1635984000,17.87,17.87,17.8,17.83,509
1636070400,17.89,18.08,17.87,18.07,837
1636329600,18.12,18.16,18.09,18.13,813
1636416000,18.15,18.22,18.1,18.22,774
1636502400,18.47,18.57,18.31,18.43,1233
1636588800,18.5,18.53,18.48,18.53,569
1636675200,18.45,18.58,18.44,18.56,829
1636934400,18.51,18.57,18.48,18.52,908
1637020800,18.5,18.54,18.38,18.39,867
1637107200,18.53,18.57,18.5,18.56,819
1637193600,18.5,18.54,18.45,18.5,818
1637280000,18.47,18.52,18.32,18.36,1013
1637539200,18.07,18.12,17.91,17.95,1342
1637625600,17.79,17.83,17.71,17.79,903
1637712000,17.72,17.81,17.69,17.77,829
1637884800,17.93,17.93,17.53,17.53,1000
1638144000,17.74,17.79,17.7,17.73,993
1638230400,17.85,17.97,17.6,17.6,1487
1638316800,17.75,17.81,17.67,17.68,904
1638403200,17.65,17.65,17.51,17.57,1090
1638489600,17.61,17.76,17.56,17.72,1068
1638748800,17.67,17.74,17.66,17.68,854
1638835200,17.68,17.78,17.68,17.74,754
1638921600,17.72,17.77,17.69,17.76,644
1639008000,17.7,17.7,17.63,17.66,1984
1639094400,17.73,17.76,17.68,17.72,726
1639353600,17.76,17.79,17.73,17.77,935
1639440000,17.58,17.68,17.57,17.6,861
1639526400,17.58,17.7,17.43,17.68,1912
1639612800,17.77,17.89,17.77,17.88,1208
1639699200,17.95,17.99,17.85,17.85,1092
1639958400,17.86,17.87,17.77,17.78,1032
1640044800,17.84,17.85,17.74,17.77,1052
1640131200,17.84,17.95,17.78,17.95,945
1640217600,17.95,18.0,17.88,17.98,961
1640563200,17.98,18.03,17.95,18.02,1084
1640649600,18.01,18.05,17.94,17.94,913
1640736000,17.8,17.96,17.79,17.94,1104
1640822400,17.93,18.07,17.93,18.07,1333
1640908800,18.15,18.2,18.09,18.18,1712
1641168000,17.97,17.98,17.87,17.91,1000
1641254400,17.97,18.06,17.95,18.03,975
1641340800,18.15,18.18,17.97,17.99,1543
1641427200,17.79,17.84,17.75,17.76,1366
1641513600,17.81,17.88,17.75,17.85,1260
1641772800,17.81,17.91,17.8,17.89,1027
1641859200,17.92,18.13,17.92,18.13,1184
1641945600,18.1,18.17,18.09,18.16,769
1642032000,18.1,18.11,18.01,18.11,1497
1642118400,18.1,18.14,18.03,18.06,1027
1642464000,18.05,18.09,17.99,18.03,1099
1642550400,18.13,18.32,18.12,18.32,1607
1642636800,18.33,18.37,18.26,18.26,1154
1642723200,18.3,18.31,18.17,18.2,1445
1642982400,18.28,18.32,18.18,18.3,2230
1643068800,18.29,18.43,18.28,18.36,1785
1643155200,18.23,18.27,18.03,18.06,2535
1643241600,17.87,17.99,17.8,17.83,1821
1643328000,17.73,17.81,17.71,17.78,1269
1643587200,17.85,17.9,17.82,17.9,1364
1643673600,17.93,17.97,17.87,17.91,2112
1643760000,17.91,18.0,17.89,17.97,1148
1643846400,17.9,17.97,17.77,17.94,2799
1643932800,17.88,17.99,17.87,17.96,1283
1644192000,18.04,18.13,18.0,18.1,1760
1644278400,18.1,18.17,18.09,18.15,1453
1644364800,18.16,18.24,18.14,18.22,1424
1644451200,18.15,18.3,18.14,18.15,2390
1644537600,18.17,18.53,18.16,18.5,3196
1644796800,18.49,18.62,18.48,18.59,2663
1644883200,18.41,18.45,18.35,18.41,2269
1644969600,18.47,18.62,18.47,18.61,1956
1645056000,18.81,18.89,18.77,18.87,2180
1645142400,18.85,18.86,18.78,18.85,1675
1645488000,18.91,18.95,18.82,18.89,3693
1645574400,37.77,37.97,37.75,37.94,3914
1645660800,38.86,38.87,37.32,37.71,6468
1645747200,37.54,37.63,37.42,37.57,2340
1646006400,38.07,38.1,37.57,37.97,4391
1646092800,38.11,38.68,38.11,38.65,3821
1646179200,38.33,38.46,38.05,38.26,5372
1646265600,38.31,38.58,38.21,38.49,5109
1646352000,38.75,39.16,38.61,39.1,5010
1646611200,39.25,39.73,39.21,39.68,3497
1646697600,40.08,41.13,40.07,40.77,4000
1646784000,39.59,39.85,39.34,39.56,3684
1646870400,39.78,39.88,39.38,39.69,1643
1646956800,39.1,39.55,39.05,39.39,1313
1647216000,38.95,38.97,38.76,38.8,1070
1647302400,37.98,38.36,37.89,38.08,1198
1647388800,37.9,38.34,37.67,38.23,2763
1647475200,38.68,38.75,38.46,38.58,1185
1647561600,38.4,38.51,38.11,38.15,946
1647820800,38.45,38.58,38.29,38.44,1378
1647907200,38.04,38.25,37.97,38.17,1190
1647993600,38.37,38.72,38.26,38.68,1712
1648080000,38.95,39.07,38.91,38.91,1894
1648166400,38.79,38.98,38.76,38.9,1629
1648425600,38.39,38.59,38.09,38.13,1803
1648512000,37.69,38.18,37.62,38.14,1866
1648598400,38.28,38.52,38.27,38.44,1513
1648684800,38.51,38.74,38.44,38.49,1765
1648771200,38.24,38.42,38.11,38.2,1524
1649030400,38.39,38.49,38.24,38.4,1769
1649116800,38.53,38.64,38.11,38.16,4082
1649203200,38.3,38.39,38.06,38.25,1970
1649289600,38.29,38.5,38.29,38.4,1635
1649376000,38.43,38.71,38.43,38.63,2290
1649635200,39.01,39.04,38.56,38.82,1763
1649721600,39.17,39.31,38.96,39.13,1589
1649808000,39.29,39.37,39.21,39.3,1059
1649894400,39.23,39.24,38.96,39.18,1019
1650240000,39.6,39.64,39.27,39.3,1730
1650326400,39.0,39.09,38.62,38.72,2070
1650412800,38.67,38.91,38.63,38.91,1137
1650499200,38.69,38.83,38.5,38.76,1027
1650585600,38.49,38.66,38.28,38.4,1211
1650844800,37.72,37.8,37.58,37.72,2058
1650931200,37.9,37.97,37.68,37.76,1492
1651017600,37.57,37.62,37.38,37.47,1441
1651104000,37.46,37.69,37.43,37.67,970
1651190400,37.92,38.03,37.63,37.67,1277
1651449600,36.98,37.2,36.84,36.98,4099
1651536000,37.03,37.3,37.03,37.07,1839
1651622400,37.12,37.55,36.99,37.45,2731
1651708800,37.82,37.82,37.21,37.31,1414
1651795200,37.34,37.6,37.25,37.36,1410
1652054400,37.11,37.11,36.8,36.82,1293
1652140800,37.01,37.05,36.46,36.48,1834
1652227200,36.74,36.9,36.68,36.81,1765
1652313600,36.65,36.7,36.18,36.23,2583
1652400000,35.84,36.12,35.79,35.96,1386
1652659200,35.87,36.3,35.87,36.29,1216
1652745600,36.3,36.31,36.03,36.07,1181
1652832000,36.0,36.25,35.96,36.07,1023
1652918400,36.54,36.74,36.41,36.61,1360
1653004800,36.57,36.68,36.41,36.65,985
1653264000,36.88,36.93,36.69,36.82,824
1653350400,36.95,37.14,36.92,37.09,955
1653436800,36.8,36.88,36.58,36.86,1784
1653523200,36.67,36.83,36.59,36.8,1032
1653609600,36.95,36.95,36.78,36.82,871
1653955200,36.8,36.86,36.44,36.48,1411
1654041600,36.67,36.76,36.51,36.69,3054
1654128000,37.01,37.16,36.96,37.14,1221
1654214400,36.99,37.06,36.7,36.76,712
1654473600,36.82,36.84,36.57,36.59,1038
1654560000,36.67,36.86,36.63,36.83,1174
1654646400,36.82,36.94,36.79,36.79,559
1654732800,36.74,36.77,36.56,36.68,1196
1654819200,36.4,37.26,36.32,37.19,3372
1655078400,36.46,36.5,36.14,36.21,1645
1655164800,36.13,36.16,35.86,35.92,2149
1655251200,36.32,36.59,36.03,36.38,2169
1655337600,36.34,36.81,36.25,36.79,2194
1655424000,36.68,36.7,36.43,36.49,1051
1655769600,36.44,36.61,36.32,36.37,910
1655856000,36.55,36.7,36.46,36.49,770
1655942400,36.51,36.67,36.2,36.29,872
1656028800,36.27,36.37,36.19,36.22,893
1656288000,36.35,36.36,36.17,36.19,3211
1656374400,36.23,36.27,36.12,36.14,677
1656460800,36.36,36.37,36.05,36.12,792
1656547200,36.11,36.2,35.85,35.89,978
1656633600,35.6,35.96,35.58,35.86,2434
1656979200,35.63,35.65,35.04,35.1,4124
1657065600,35.04,35.07,34.41,34.55,2125
1657152000,34.61,34.74,34.54,34.59,3019
1657238400,34.6,34.8,34.49,34.58,645
1657497600,34.5,34.61,34.38,34.4,1194
1657584000,34.34,34.44,34.25,34.27,1557
1657670400,34.13,34.66,34.12,34.44,2575
1657756800,33.88,34.05,33.72,33.94,3387
1657843200,33.89,33.93,33.75,33.88,1080
1658102400,34.12,34.19,33.89,33.91,880
1658188800,33.98,34.07,33.96,34.01,545
1658275200,34.02,34.04,33.68,33.68,721
1658361600,33.74,34.16,33.74,34.16,1273
1658448000,34.23,34.53,34.17,34.25,1773
1658707200,34.24,34.24,34.06,34.15,1796
1658793600,34.16,34.2,34.06,34.12,1530
1658880000,34.1,34.56,33.99,34.47,1561
1658966400,34.82,34.89,34.71,34.87,2507
1659052800,34.92,35.1,34.81,34.98,1714
1659312000,35.17,35.24,35.06,35.17,1246
1659398400,35.33,35.47,34.96,34.97,3163
1659484800,35.11,35.14,34.85,35.06,3775
1659571200,35.28,35.65,35.25,35.64,2554
1659657600,35.16,35.34,35.14,35.22,1404
1659916800,35.37,35.55,35.36,35.54,1559
1660003200,35.7,35.76,35.55,35.63,851
1660089600,35.67,35.79,35.52,35.57,592
1660176000,35.61,35.73,35.45,35.46,777
1660262400,35.63,35.8,35.56,35.78,1601
1660521600,35.38,35.44,35.27,35.32,1837
1660608000,35.25,35.32,35.21,35.27,2099
1660694400,35.21,35.21,34.95,35.04,3112
1660780800,35.09,35.14,34.87,34.94,1909
1660867200,34.89,34.89,34.66,34.69,891
1661126400,34.47,34.55,34.4,34.45,1052
1661212800,34.54,34.83,34.53,34.69,1285
1661299200,34.63,34.87,34.61,34.8,896
1661385600,34.94,34.96,34.8,34.91,963
1661472000,34.78,34.87,34.44,34.5,1061
1661731200,34.51,34.66,34.47,34.52,710
1661817600,34.38,34.41,34.19,34.22,968
1661904000,34.0,34.23,33.95,33.97,1019
1661990400,33.71,33.77,33.54,33.66,1437
1662076800,33.94,34.12,33.93,33.95,1802
1662422400,33.95,33.99,33.76,33.76,737
1662508800,33.72,34.14,33.72,34.1,1008
1662595200,34.01,34.07,33.83,33.9,2224
1662681600,34.07,34.16,34.0,34.07,1836
1662940800,34.34,34.46,34.23,34.24,1951
1663027200,33.8,33.94,33.78,33.81,1091
1663113600,33.83,33.9,33.63,33.67,1016
1663200000,33.43,33.57,32.97,33.05,1741
1663286400,32.98,33.37,32.91,33.22,1848
1663545600,33.06,33.27,33.03,33.25,2692
1663632000,33.06,33.1,32.96,33.06,886
1663718400,33.26,33.52,32.85,33.22,2172
1663804800,33.33,33.34,33.12,33.21,1031
1663891200,32.8,32.82,32.55,32.62,1484
1664150400,32.66,32.73,32.2,32.24,2052
1664236800,32.47,32.56,32.3,32.32,1060
1664323200,32.68,33.02,32.63,32.97,2357
1664409600,32.86,33.05,32.66,32.98,2167
1664496000,33.04,33.27,32.96,32.98,1123
1664755200,33.15,33.79,33.11,33.77,1914
1664841600,33.94,34.35,33.89,34.27,1342
1664928000,33.95,34.13,33.78,34.07,756
1665014400,34.0,34.09,33.9,34.06,804
1665100800,33.8,33.9,33.63,33.67,622
1665360000,33.25,33.33,33.08,33.16,817
1665446400,33.15,33.44,33.04,33.1,918
1665532800,33.13,33.32,33.12,33.26,686
1665619200,32.72,33.21,32.61,33.04,1271
1665705600,32.85,32.88,32.58,32.62,1816
1665964800,33.04,33.12,32.7,32.73,926
1666051200,32.85,32.89,32.68,32.79,1073
1666137600,32.44,32.51,32.32,32.36,497
1666224000,32.41,32.67,32.27,32.3,589
1666310400,32.42,32.91,32.41,32.87,887
1666569600,32.73,32.84,32.66,32.77,585
1666656000,32.82,33.0,32.81,32.85,746
1666742400,33.01,33.21,33.01,33.06,1967
1666828800,32.99,33.07,32.89,33.01,1841
1666915200,32.62,32.74,32.53,32.67,2135
1667174400,32.58,32.6,32.4,32.41,740
1667260800,32.67,32.79,32.63,32.69,555
1667347200,32.76,33.14,32.48,32.49,1391
1667433600,32.27,32.41,32.23,32.39,385
1667520000,33.23,33.41,33.11,33.38,798
1667779200,33.33,33.39,33.23,33.24,1089
1667865600,33.29,34.1,33.27,34.01,2505
1667952000,34.0,34.2,33.81,33.84,1258
1668038400,34.55,34.88,34.49,34.87,1513
1668124800,34.98,35.11,34.86,35.1,1877
1668384000,35.03,35.24,35.03,35.18,1520
1668470400,35.26,35.46,35.1,35.31,2386
1668556800,35.28,35.34,35.16,35.23,1877
1668643200,34.92,35.0,34.86,34.98,2032
1668729600,34.87,34.92,34.69,34.73,1517
1668988800,34.64,34.64,34.4,34.53,1777
1669075200,34.62,34.68,34.49,34.57,1800
1669161600,34.47,34.81,34.46,34.79,906
1669334400,34.74,34.86,34.73,34.85,225
1669593600,34.74,34.78,34.54,34.55,478
1669680000,34.71,34.89,34.69,34.72,318
1669766400,34.92,35.15,34.65,35.14,1475
1669852800,35.72,35.81,35.63,35.8,1027
1669939200,35.44,35.73,35.36,35.68,1891
1670198400,35.53,35.57,35.05,35.08,2046
1670284800,35.25,35.31,35.08,35.17,1028
1670371200,35.3,35.55,35.27,35.49,1296
1670457600,35.54,35.63,35.43,35.51,620
1670544000,35.68,35.86,35.56,35.64,683
1670803200,35.48,35.54,35.3,35.35,982
1670889600,36.1,36.22,35.85,35.95,2997
1670976000,35.91,36.01,35.55,35.87,3762
1671062400,35.37,35.46,35.23,35.27,4287
1671148800,35.41,35.63,35.39,35.58,1087
1671408000,35.57,35.65,35.42,35.49,1026
1671494400,35.86,36.16,35.86,36.08,1059
1671580800,36.07,36.2,35.99,36.01,1888
1671667200,35.78,35.79,35.44,35.58,951
1671753600,35.6,35.8,35.58,35.7,428
1672099200,35.81,36.38,35.81,36.0,887
1672185600,35.85,35.91,35.67,35.82,998
1672272000,35.96,36.14,35.96,36.03,414
1672358400,36.12,36.22,36.02,36.19,641
1672704000,36.52,36.72,36.29,36.5,1412
1672790400,36.89,36.94,36.68,36.85,955
1672876800,36.46,36.49,36.23,36.39,839
1672963200,36.65,37.12,36.55,37.06,803
1673222400,37.25,37.35,37.11,37.16,1250
1673308800,37.27,37.33,37.15,37.28,796
1673395200,37.3,37.31,37.08,37.26,752
1673481600,37.57,37.71,37.33,37.69,691
1673568000,37.76,38.16,37.76,38.13,856
1673913600,38.02,38.03,37.8,37.9,703
1674000000,38.19,38.23,37.75,37.8,671
1674086400,38.06,38.41,38.02,38.39,981
1674172800,38.22,38.34,38.14,38.27,639
1674432000,38.07,38.36,37.95,38.33,2999
1674518400,38.33,38.48,38.07,38.48,1722
1674604800,38.26,38.67,38.26,38.66,606
1674691200,38.46,38.46,38.08,38.31,885
1674777600,38.26,38.36,38.07,38.26,912
1675036800,38.25,38.29,38.13,38.16,867
1675123200,38.17,38.33,38.11,38.29,1028
1675209600,38.37,38.79,38.14,38.78,1534
1675296000,38.65,38.65,37.94,37.97,1289
1675382400,37.33,37.44,36.95,37.02,2017
1675641600,37.15,37.23,36.99,37.09,850
1675728000,37.08,37.4,37.04,37.14,943
1675814400,37.33,37.33,37.12,37.23,650
1675900800,37.46,37.46,36.91,36.93,1039
1675987200,37.05,37.08,36.86,37.01,591
1676246400,36.86,36.89,36.73,36.81,673
1676332800,36.71,37.04,36.59,36.84,1084
1676419200,36.42,36.5,36.33,36.49,851
1676505600,36.36,36.63,36.28,36.46,1044
1676592000,36.25,36.61,36.18,36.57,830
1676937600,36.58,36.6,36.37,36.42,1004
1677024000,36.47,36.5,36.2,36.22,738
1677110400,36.27,36.31,36.1,36.21,635
1677196800,35.96,36.04,35.91,35.95,596
1677456000,36.06,36.14,35.99,36.08,630
1677542400,36.02,36.35,36.0,36.25,818
1677628800,36.5,36.61,36.4,36.47,872
1677715200,36.41,36.5,36.38,36.45,655
1677801600,36.61,36.85,36.51,36.83,642
1678060800,36.79,36.8,36.64,36.66,423
1678147200,36.39,36.39,35.99,36.0,674
1678233600,36.03,36.21,35.99,35.99,638
1678320000,36.24,36.42,36.24,36.34,488
1678406400,36.71,37.13,36.7,37.12,1236
1678665600,37.84,38.01,37.78,37.95,1424
1678752000,37.75,37.92,37.75,37.77,1045
1678838400,38.11,38.46,37.9,38.04,2354
1678924800,38.23,38.35,37.98,38.09,974
1679011200,38.8,39.46,38.8,39.46,1708
1679270400,39.07,39.39,39.06,39.25,736
1679356800,38.77,38.8,38.42,38.51,1371
1679443200,38.6,39.28,38.59,39.08,1867
1679529600,39.38,39.76,39.26,39.6,1210
1679616000,39.58,39.67,39.2,39.22,1123
1679875200,38.68,38.89,38.59,38.85,887
1679961600,38.92,39.22,38.89,39.17,1089
1680048000,38.97,39.14,38.92,38.97,1600
1680134400,39.03,39.39,38.98,39.33,1514
1680220800,39.32,39.38,39.03,39.13,3033
1680480000,39.26,39.51,39.15,39.41,1549
1680566400,39.44,40.19,39.44,40.14,1958
1680652800,40.22,40.32,39.89,40.12,1451
1680739200,39.91,39.99,39.71,39.82,1124
1681084800,39.53,39.58,39.34,39.53,1366
1681171200,39.7,39.84,39.65,39.77,1165
1681257600,40.07,40.07,39.72,39.98,2077
1681344000,40.53,40.65,40.37,40.51,2702
1681430400,40.17,40.25,39.55,39.79,1441
1681689600,39.7,39.71,39.32,39.62,1050
1681776000,39.57,39.92,39.52,39.78,767
1681862400,39.38,39.64,39.36,39.59,907
1681948800,39.76,39.94,39.68,39.75,691
1682035200,39.5,39.64,39.14,39.35,1459
1682294400,39.31,39.52,39.2,39.47,903
1682380800,39.49,39.77,39.37,39.68,991
1682467200,39.84,39.85,39.37,39.47,1112
1682553600,39.28,39.5,39.17,39.46,1331
1682640000,39.46,39.59,39.34,39.47,1568
1682899200,39.73,39.77,39.28,39.29,1494
1682985600,39.44,40.07,39.41,40.06,1528
1683072000,40.05,40.41,39.94,40.39,1688
1683158400,40.35,40.87,40.33,40.68,2158
1683244800,39.85,40.07,39.68,40.04,3253
1683504000,40.13,40.28,40.06,40.09,906
1683590400,40.18,40.44,40.17,40.39,1614
1683676800,40.37,40.49,40.13,40.32,891
1683763200,40.27,40.32,39.92,39.97,898
1683849600,40.06,40.13,39.87,39.9,711
1684108800,40.0,40.13,39.96,39.99,873
1684195200,39.86,39.92,39.41,39.5,1136
1684281600,39.37,39.4,39.19,39.37,1351
1684368000,38.9,38.93,38.73,38.84,1020
1684454400,38.92,39.36,38.84,39.22,968
1684713600,39.15,39.26,39.07,39.14,758
1684800000,39.07,39.25,38.99,39.19,670
1684886400,39.21,39.21,38.83,38.88,986
1684972800,38.7,38.73,38.48,38.51,1064
1685059200,38.68,38.74,38.48,38.66,927
1685404800,38.82,38.96,38.71,38.9,950
1685491200,38.97,39.18,38.92,38.95,1606
1685577600,39.07,39.36,39.06,39.26,1182
1685664000,39.22,39.22,38.66,38.68,1009
1685923200,38.62,38.98,38.6,38.92,964
1686009600,38.97,39.03,38.79,38.95,1025
1686096000,38.88,39.1,38.49,38.49,816
1686182400,38.9,39.1,38.9,39.0,851
1686268800,38.97,39.05,38.83,38.89,1043
1686528000,38.84,38.88,38.68,38.86,677
1686614400,38.91,38.98,38.49,38.56,623
1686700800,38.83,38.88,38.5,38.59,989
1686787200,38.53,38.9,38.51,38.87,885
1686873600,38.88,39.0,38.77,38.81,610
1687219200,38.47,38.48,38.3,38.41,921
1687305600,38.28,38.45,38.08,38.37,1283
1687392000,38.1,38.22,37.96,37.97,601
1687478400,38.39,38.45,38.06,38.08,689
1687737600,38.26,38.26,38.14,38.16,491
1687824000,38.29,38.32,37.92,37.97,631
1687910400,37.88,37.97,37.76,37.88,745
1687996800,37.56,37.95,37.56,37.85,950
1688083200,37.96,38.16,37.9,38.1,844
1688342400,38.17,38.32,38.14,38.14,417
1688515200,38.33,38.33,38.01,38.02,770
1688601600,37.92,37.98,37.76,37.89,2015
1688688000,38.12,38.39,38.12,38.19,617
1688947200,38.13,38.24,38.1,38.21,565
1689033600,38.34,38.4,38.28,38.34,501
1689120000,38.72,38.89,38.71,38.87,806
1689206400,38.88,38.93,38.78,38.89,548
1689292800,38.81,38.93,38.71,38.78,564
1689552000,38.68,38.82,38.61,38.8,432
1689638400,39.07,39.37,38.98,39.25,923
1689724800,39.21,39.28,39.09,39.26,606
1689811200,39.28,39.28,39.0,39.07,583
1689897600,38.91,38.99,38.83,38.95,901
1690156800,38.95,39.01,38.76,38.78,888
1690243200,38.85,39.0,38.72,38.98,545
1690329600,39.05,39.25,38.97,39.19,1242
1690416000,38.82,38.82,38.55,38.58,1069
1690502400,38.8,38.96,38.75,38.87,743
1690761600,39.0,39.13,38.97,38.98,1791
1690848000,38.66,38.77,38.51,38.58,5353
1690934400,38.59,38.63,38.35,38.39,964
1691020800,38.35,38.47,38.33,38.38,1363
1691107200,38.55,38.64,38.45,38.53,1121
1691366400,38.51,38.51,38.33,38.43,550
1691452800,38.18,38.33,38.15,38.18,777
1691539200,38.2,38.25,38.0,38.0,853
1691625600,38.09,38.2,37.96,37.97,639
1691712000,37.99,38.11,37.95,37.98,575
1691971200,37.8,37.96,37.75,37.86,684
1692057600,37.77,37.94,37.7,37.75,719
1692144000,37.76,37.82,37.53,37.54,621
1692230400,37.74,37.74,37.4,37.48,1416
1692316800,37.58,37.63,37.43,37.48,1319
1692576000,37.59,37.61,37.41,37.58,1116
1692662400,37.59,37.68,37.49,37.65,1424
1692748800,37.91,38.11,37.86,38.04,2525
1692835200,37.97,38.15,37.93,38.04,2427
1692921600,37.97,38.13,37.76,37.99,2658
1693180800,37.99,38.21,37.95,38.08,652
1693267200,38.06,38.46,38.03,38.46,944
1693353600,38.6,38.66,38.55,38.56,854
1693440000,38.57,38.59,38.47,38.48,1436
1693526400,38.65,38.72,38.39,38.5,1496
1693872000,38.34,38.37,38.2,38.21,1257
1693958400,38.13,38.28,38.0,38.02,1309
1694044800,38.11,38.14,38.04,38.07,878
1694131200,38.14,38.28,38.04,38.09,793
1694390400,38.28,38.29,38.12,38.16,710
1694476800,37.87,38.0,37.86,37.96,669
1694563200,37.96,38.02,37.86,37.86,820
1694649600,37.75,37.94,37.72,37.89,946
1694736000,38.17,38.3,38.13,38.13,1268
1694995200,38.24,38.36,38.15,38.36,659
1695081600,38.4,38.42,38.28,38.32,603
1695168000,38.37,38.64,38.35,38.35,1109
1695254400,38.02,38.17,38.0,38.09,939
1695340800,38.21,38.27,38.17,38.2,531
1695600000,38.16,38.22,37.99,38.0,1042
1695686400,37.81,37.88,37.68,37.7,1344
1695772800,37.49,37.49,37.15,37.23,1206
1695859200,37.2,37.24,36.86,37.05,1184
1695945600,37.2,37.22,36.63,36.66,1895
1696204800,36.4,36.46,36.25,36.29,5592
1696291200,36.18,36.37,36.09,36.18,2055
1696377600,36.19,36.22,36.03,36.17,1375
1696464000,36.09,36.13,35.99,36.11,1840
1696550400,36.19,36.4,36.04,36.29,1577
1696809600,36.63,36.97,36.59,36.96,949
1696896000,36.82,36.95,36.77,36.91,660
1696982400,37.13,37.23,37.06,37.17,958
1697068800,37.24,37.26,37.05,37.06,981
1697155200,37.85,38.31,37.81,38.25,2531
1697414400,38.03,38.15,37.98,38.07,971
1697500800,38.14,38.32,38.07,38.14,1229
1697587200,38.69,38.93,38.45,38.68,1830
1697673600,38.72,39.23,38.68,39.17,2313
1697760000,39.25,39.62,39.16,39.27,2979
1698019200,39.23,39.27,39.08,39.14,1725
1698105600,38.94,39.23,38.86,39.14,916
1698192000,39.24,39.43,38.95,39.29,2102
1698278400,39.22,39.46,39.12,39.36,1076
1698364800,39.32,39.87,39.25,39.82,1620
1698624000,39.64,39.69,39.52,39.59,972
1698710400,39.75,39.76,39.25,39.35,1541
1698796800,39.47,39.51,39.08,39.23,2303
1698883200,39.33,39.42,39.26,39.37,1090
1698969600,39.45,39.6,39.45,39.53,902
1699228800,39.39,39.41,39.22,39.22,629
1699315200,38.98,39.08,38.89,39.05,1384
1699401600,38.93,38.94,38.63,38.67,1065
1699488000,38.72,39.0,38.7,38.83,1863
1699574400,38.63,38.64,38.34,38.4,1038
1699833600,38.38,38.66,38.32,38.62,1325
1699920000,38.9,39.08,38.86,38.96,1324
1700006400,38.95,38.98,38.79,38.86,1887
1700092800,39.11,39.44,39.11,39.3,1430
1700179200,39.36,39.39,39.25,39.3,843
1700438400,39.0,39.26,38.99,39.23,1475
1700524800,39.7,39.82,39.6,39.65,1282
1700611200,39.67,39.74,39.43,39.49,1053
1700784000,39.69,39.74,39.53,39.53,616
1701043200,39.91,39.97,39.79,39.97,1287
1701129600,40.21,40.53,40.12,40.51,1680
1701216000,40.48,40.65,40.45,40.55,1364
1701302400,40.43,40.48,40.29,40.39,1213
1701388800,40.4,41.17,40.38,41.08,2509
1701648000,40.57,40.74,40.07,40.18,3163
1701734400,40.14,40.19,39.87,40.04,1442
1701820800,40.28,40.32,40.12,40.2,2017
1701907200,40.34,40.35,40.07,40.25,1372
1701993600,39.79,39.96,39.56,39.72,1961
1702252800,39.48,39.48,39.19,39.29,1489
1702339200,39.34,39.36,39.22,39.26,1095
1702425600,39.33,40.16,39.25,40.15,1871
1702512000,40.42,40.62,40.25,40.4,1513
1702598400,40.34,40.43,39.97,40.03,1434
1702857600,40.13,40.33,40.08,40.2,1165
1702944000,40.28,40.6,40.27,40.48,1393
1703030400,40.37,40.43,40.25,40.25,1292
1703116800,40.5,40.58,40.4,40.53,1280
1703203200,41.0,41.06,40.68,40.72,1160
1703548800,40.87,41.03,40.75,41.03,1484
1703635200,41.04,41.35,41.0,41.23,1892
1703721600,41.16,41.28,40.97,40.98,2073
1703808000,40.87,41.01,40.84,40.92,1500
1704153600,40.98,41.07,40.78,40.82,2568
1704240000,40.39,40.64,40.27,40.48,2687
1704326400,40.48,40.6,40.39,40.52,1068
1704412800,40.6,40.93,40.47,40.53,2220
1704672000,40.06,40.4,40.05,40.21,1469
1704758400,40.4,40.41,40.18,40.23,1396
1704844800,40.27,40.33,40.07,40.14,1262
1704931200,40.26,40.35,39.94,40.21,2316
1705017600,40.82,40.9,40.49,40.61,1518
1705363200,40.48,40.5,40.14,40.23,1853
1705449600,40.1,40.12,39.7,39.78,1655
1705536000,39.89,40.12,39.88,40.11,1356
1705622400,40.29,40.29,40.13,40.23,1160
1705881600,40.08,40.19,39.99,40.09,1198
1705968000,40.12,40.28,40.09,40.22,1169
1706054400,40.32,40.32,39.89,39.91,1943
1706140800,40.11,40.16,39.92,40.07,1650
1706227200,40.08,40.11,39.98,40.03,2662
1706486400,40.31,40.37,40.07,40.32,1641
1706572800,40.61,40.62,40.24,40.38,1806
1706659200,40.54,40.78,40.28,40.35,3151
1706745600,40.62,40.96,40.48,40.76,2389
1706832000,40.25,40.44,40.22,40.38,2365
1707091200,40.01,40.21,39.98,40.15,2432
1707177600,40.24,40.43,40.2,40.37,2489
1707264000,40.33,40.54,40.32,40.34,2631
1707350400,40.24,40.36,40.21,40.31,1844
1707436800,40.14,40.2,40.06,40.15,1798
1707696000,39.95,40.1,39.9,40.06,1739
1707782400,39.69,39.69,39.46,39.52,2049
1707868800,39.45,39.58,39.35,39.48,2008
1707955200,39.73,39.83,39.63,39.75,1737
1708041600,39.61,39.98,39.57,39.91,2034
1708387200,40.25,40.26,40.12,40.16,1455
1708473600,40.23,40.27,40.06,40.15,1176
1708560000,40.16,40.18,40.05,40.15,1739
1708646400,40.17,40.5,40.14,40.4,1542
1708905600,40.22,40.34,40.16,40.3,1555
1708992000,40.39,40.39,40.23,40.26,1489
1709078400,40.33,40.36,40.27,40.33,850
1709164800,40.62,40.67,40.52,40.53,4848
1709251200,40.73,41.41,40.56,41.31,2520
1709510400,41.58,42.04,41.52,41.96,1894
1709596800,42.28,42.43,42.11,42.23,2654
1709683200,42.43,42.67,42.28,42.57,2853
1709769600,42.74,42.86,42.59,42.82,1563
1709856000,43.01,43.53,42.93,43.18,2318
1710115200,43.27,43.34,43.17,43.27,1557
1710201600,42.86,42.96,42.65,42.79,1179
1710288000,42.95,43.22,42.95,43.08,1166
1710374400,42.87,42.93,42.69,42.88,1418
1710460800,42.84,42.95,42.73,42.77,1096
1710720000,42.83,42.86,42.73,42.84,1051
1710806400,42.7,42.8,42.65,42.79,1471
1710892800,42.85,43.4,42.72,43.29,2726
1710979200,43.17,43.31,42.96,43.26,2395
1711065600,43.13,43.15,42.77,42.91,2313
1711324800,43.17,43.21,43.04,43.05,828
1711411200,43.26,43.3,43.06,43.19,1091
1711497600,43.47,43.52,43.39,43.49,1056
1711584000,43.76,44.12,43.76,44.05,1829
1711929600,44.69,44.7,44.19,44.51,3314
1712016000,44.79,45.2,44.63,45.16,4672
1712102400,45.1,45.59,45.05,45.56,5226
1712188800,45.41,45.72,45.2,45.31,4407
1712275200,45.5,46.2,45.45,46.07,2460
1712534400,46.26,46.44,45.97,46.38,3031
1712620800,46.67,46.87,46.36,46.62,5176
1712707200,46.13,46.64,45.98,46.19,6444
1712793600,46.46,47.09,46.25,47.05,3612
1712880000,47.52,48.21,46.27,46.45,10562
1713139200,46.68,47.34,46.08,47.32,8128
1713225600,47.16,47.55,46.87,47.38,5421
1713312000,47.36,47.51,46.81,47.04,6442
1713398400,47.4,47.43,46.98,47.19,5339
1713484800,47.23,47.63,47.14,47.33,5500
1713744000,46.33,46.48,46.09,46.18,8170
1713830400,45.83,46.23,45.81,46.05,5322
1713916800,46.01,46.34,45.92,45.98,3289
1714003200,45.93,46.49,45.91,46.25,3497
1714089600,46.44,46.5,46.18,46.39,3934
1714348800,46.29,46.53,46.11,46.32,2882
1714435200,45.71,45.87,45.39,45.41,4079
1714521600,45.63,46.16,45.53,45.8,8197
1714608000,45.41,45.78,45.3,45.64,3254
1714694400,45.61,45.68,45.13,45.61,4770
1714953600,46.11,46.25,45.96,46.09,3822
1715040000,45.96,46.04,45.83,45.89,2540
1715126400,45.76,46.01,45.74,45.77,3202
1715212800,45.95,46.48,45.95,46.47,3025
1715299200,46.97,47.05,46.73,46.87,4026
1715558400,46.51,46.56,46.23,46.35,3611
1715644800,46.56,46.78,46.51,46.73,4253
1715731200,46.93,47.39,46.63,47.32,4432
1715817600,47.15,47.26,47.01,47.15,3388
1715904000,47.62,47.97,47.5,47.93,5277
1716163200,47.96,48.33,47.79,48.11,5372
1716249600,48.15,48.25,47.93,48.05,3459
1716336000,47.8,47.83,47.09,47.17,6862
1716422400,46.87,46.96,46.21,46.22,4784
1716508800,46.49,46.54,46.23,46.28,3770
1716854400,46.81,46.83,46.55,46.75,3729
1716940800,46.48,46.52,46.31,46.32,3971
1717027200,46.44,46.6,46.37,46.4,3651
1717113600,46.65,46.7,46.0,46.14,3556
1717372800,46.26,46.67,46.2,46.55,4413
1717459200,46.34,46.34,45.9,46.13,3091
1717545600,46.43,46.73,46.27,46.67,4181
1717632000,46.78,47.13,46.74,47.02,2375
1717718400,46.08,46.11,45.34,45.35,4523
1717977600,45.67,45.86,45.6,45.77,1967
1718064000,45.84,45.95,45.71,45.9,1858
1718150400,46.4,46.41,45.9,46.01,3918
1718236800,45.95,46.06,45.5,45.64,2318
1718323200,46.14,46.3,46.06,46.24,1866
1718582400,46.06,46.13,45.78,45.99,1990
1718668800,45.95,46.25,45.87,46.17,2338
1718841600,46.36,46.87,46.32,46.74,3244
1718928000,46.7,46.7,45.93,46.04,3147
1719187200,46.2,46.28,46.12,46.22,1670
1719273600,46.07,46.14,45.89,45.98,1411
1719360000,45.52,45.67,45.47,45.57,2357
1719446400,46.01,46.19,45.97,46.1,1384
1719532800,46.22,46.25,46.03,46.08,1780
1719792000,46.13,46.27,45.97,46.2,1760
1719878400,46.15,46.31,46.0,46.19,2224
1719964800,46.59,46.88,46.58,46.69,1441
1720137600,47.07,47.42,47.07,47.34,2233
1720396800,47.08,47.16,46.6,46.75,2741
1720483200,46.84,47.0,46.57,46.85,3880
1720569600,47.19,47.3,46.98,47.01,1993
1720656000,47.73,48.04,47.48,47.84,2791
1720742400,47.59,47.93,47.56,47.83,1320
1721001600,47.89,48.35,47.8,47.99,2230
1721088000,48.33,48.94,48.29,48.93,2867
1721174400,49.04,49.23,48.6,48.72,3505
1721260800,48.8,48.94,48.36,48.4,2587
1721347200,47.48,47.73,47.47,47.54,2770
1721606400,47.49,47.57,47.25,47.54,1795
1721692800,47.65,47.75,47.56,47.71,1521
1721779200,47.91,48.21,47.54,47.54,2575
1721865600,46.95,47.01,46.63,46.81,2620
1721952000,47.16,47.38,47.11,47.29,1603
1722211200,47.44,47.49,46.96,47.23,2599
1722297600,47.45,47.79,47.25,47.71,3015
1722384000,47.97,48.58,47.95,48.56,2999
1722470400,48.62,48.79,48.25,48.41,3907
1722556800,48.87,49.04,47.78,48.32,6307
1722816000,47.29,47.82,47.22,47.72,5520
1722902400,47.49,47.62,47.2,47.32,3088
1722988800,47.58,47.66,47.24,47.29,2912
1723075200,47.75,48.08,47.71,48.02,3497
1723161600,48.2,48.3,47.99,48.14,2649
1723420800,48.48,49.0,48.45,48.97,2474
1723507200,48.9,49.07,48.8,48.89,1920
1723593600,48.58,48.77,48.31,48.51,3038
1723680000,48.54,48.78,48.27,48.65,2535
1723766400,49.32,49.73,49.1,49.71,3116
1724025600,49.35,49.7,49.26,49.65,2828
1724112000,50.12,50.18,49.58,49.86,7098
1724198400,49.68,49.93,49.44,49.77,4016
1724284800,49.39,49.39,48.95,49.19,4094
1724371200,49.54,49.9,49.43,49.75,4602
1724630400,50.06,50.07,49.77,49.91,2579
1724716800,49.68,50.06,49.67,50.05,2857
1724803200,49.74,49.75,49.48,49.7,2185
1724889600,49.73,50.1,49.73,49.94,2628
1724976000,49.85,49.93,49.44,49.61,3160
1725321600,49.37,49.43,49.02,49.38,2541
1725408000,49.28,49.54,49.19,49.42,2052
1725494400,49.91,49.94,49.61,49.83,1941
1725580800,49.71,49.9,49.24,49.46,4516
1725840000,49.6,49.67,49.41,49.66,2041
1725926400,49.83,49.91,49.57,49.89,1964
1726012800,49.67,49.94,49.55,49.8,1977
1726099200,50.32,50.7,50.27,50.67,2314
1726185600,51.06,51.25,50.99,51.18,2276
1726444800,51.2,51.31,51.05,51.17,1527
1726531200,51.05,51.17,50.74,50.9,2756
1726617600,51.08,51.52,50.48,50.51,4529
1726704000,51.09,51.37,50.91,51.28,3050
1726790400,51.72,52.03,51.58,51.94,3026
1727049600,52.11,52.21,52.02,52.04,3067
1727136000,52.2,52.8,52.15,52.77,3417
1727222400,52.8,52.85,52.5,52.7,3430
1727308800,52.86,53.05,52.59,52.97,3571
1727395200,52.83,52.92,52.37,52.54,4893
1727654400,52.32,52.34,52.01,52.13,3762
1727740800,52.59,52.97,52.56,52.69,6947
1727827200,52.67,52.77,52.34,52.68,3137
1727913600,52.48,52.74,52.27,52.65,2855
1728000000,52.56,52.9,52.35,52.54,2609
1728259200,52.45,52.51,52.29,52.37,2788
1728345600,52.28,52.34,51.61,51.97,3646
1728432000,51.71,51.86,51.61,51.7,2369
1728518400,51.85,52.12,51.82,52.08,2759
1728604800,52.45,52.74,52.44,52.63,1823
1728864000,52.58,52.73,52.39,52.56,1423
1728950400,52.54,52.88,52.45,52.75,2971
1729036800,53.14,53.21,52.85,53.01,2939
1729123200,53.14,53.43,53.11,53.33,2191
1729209600,53.63,53.92,53.61,53.89,2204
1729468800,54.21,54.3,53.78,53.89,3422
1729555200,54.29,54.47,54.16,54.46,3353
1729641600,54.27,54.31,53.67,53.82,3421
1729728000,54.33,54.34,53.93,54.22,2669
1729814400,54.07,54.38,54.01,54.34,2231
1730073600,54.28,54.41,54.26,54.34,2760
1730160000,54.58,54.98,54.54,54.94,3415
1730246400,55.08,55.28,54.9,55.23,3634
1730332800,54.82,54.83,54.11,54.4,3471
1730419200,54.56,54.68,54.15,54.17,3505
1730678400,54.34,54.4,54.12,54.24,2298
1730764800,54.44,54.49,54.15,54.35,1819
1730851200,52.68,53.06,52.55,52.73,4240
1730937600,53.26,53.68,53.23,53.56,3036
1731024000,53.43,53.49,53.16,53.21,3472
1731283200,52.07,52.07,51.72,51.95,4314
1731369600,51.76,51.85,51.37,51.51,3308
1731456000,51.78,51.81,50.98,50.99,4633
1731542400,50.77,51.05,50.67,50.86,3420
1731628800,50.98,51.03,50.7,50.76,3065
1731888000,51.6,51.81,51.6,51.72,2818
1731974400,52.09,52.2,51.93,52.18,1981
1732060800,52.29,52.61,52.25,52.48,2556
1732147200,52.83,52.96,52.71,52.92,2055
1732233600,53.25,53.72,53.19,53.61,2385
1732492800,52.37,52.44,51.82,52.04,3388
1732579200,52.07,52.16,51.84,52.13,2433
1732665600,52.53,52.61,52.18,52.25,4000
1732838400,52.62,52.74,52.52,52.71,1180
1733097600,52.46,52.49,52.18,52.25,2639
1733184000,52.57,52.6,52.23,52.35,1957
1733270400,52.56,52.64,52.44,52.5,2276
1733356800,52.42,52.44,51.96,52.12,2165
1733443200,52.1,52.33,52.02,52.13,2240
1733702400,52.82,53.03,52.63,52.65,1744
1733788800,53.2,53.4,53.19,53.33,1308
1733875200,53.5,53.92,53.43,53.84,3084
1733961600,53.19,53.27,52.98,53.08,1980
1734048000,52.71,52.78,52.43,52.45,2230
1734307200,52.64,52.69,52.47,52.56,1099
1734393600,52.33,52.48,52.2,52.37,1514
1734480000,52.27,52.3,51.26,51.35,2903
1734566400,51.42,51.51,51.24,51.43,1784
1734652800,51.83,52.14,51.76,51.96,2020
1734912000,51.85,51.88,51.65,51.72,1685
1734998400,51.82,51.87,51.69,51.83,775
1735171200,52.01,52.28,51.98,52.18,1212
1735257600,51.77,51.93,51.74,51.81,1580
1735516800,51.75,51.75,51.43,51.66,1256
1735603200,51.75,52.05,51.75,51.97,1131
1735776000,52.43,52.71,52.41,52.7,2349
1735862400,52.5,52.55,52.24,52.28,1810
1736121600,52.01,52.33,51.96,52.2,2500
1736208000,52.7,52.76,52.34,52.51,2365
1736294400,52.75,52.9,52.49,52.77,2542
1736467200,53.29,53.46,53.14,53.32,4646
1736726400,52.87,52.97,52.63,52.75,2348
1736812800,52.73,53.03,52.71,53.03,1875
1736899200,53.3,53.43,53.03,53.43,2523
1736985600,53.78,53.97,53.72,53.79,3107
1737072000,53.6,53.84,53.5,53.52,2193
1737417600,54.1,54.4,54.07,54.34,2533
1737504000,54.62,54.69,54.49,54.61,1746
1737590400,54.36,54.66,54.28,54.56,2088
1737676800,54.95,55.19,54.89,54.9,2083
1737936000,54.49,54.59,54.1,54.31,2578
1738022400,54.56,54.79,54.51,54.75,4044
1738108800,54.63,54.7,54.38,54.57,3609
1738195200,55.19,55.44,55.06,55.38,3553
1738281600,55.63,55.81,55.36,55.5,4854
1738540800,55.78,56.09,55.72,55.8,7502
1738627200,56.21,56.38,56.13,56.35,3554
1738713600,56.77,57.12,56.68,56.73,3959
1738800000,56.55,56.62,56.14,56.58,3429
1738886400,56.95,57.19,56.54,56.69,4250
1739145600,57.54,57.69,57.39,57.6,3389
1739232000,57.49,57.63,57.28,57.41,3051
1739318400,57.38,57.64,57.18,57.48,3396
1739404800,57.62,58.03,57.56,58.01,3397
1739491200,57.99,58.01,57.0,57.17,5417
1739836800,57.9,58.18,57.89,58.11,3399
1739923200,58.14,58.25,57.82,58.16,2712
1740009600,58.03,58.37,58.03,58.18,2656
1740355200,58.28,58.47,58.06,58.45,2154
1740441600,57.54,57.73,57.22,57.7,2138
1740528000,57.34,57.78,57.27,57.78,2488
1740614400,57.21,57.25,56.79,56.91,3984
1740700800,56.4,56.57,56.11,56.56,4108
1740960000,56.93,57.31,56.93,57.27,3639
1741046400,57.79,57.85,57.46,57.79,3549
1741132800,57.55,58.04,57.54,57.89,3005
1741219200,57.6,57.88,57.6,57.61,2460
1741305600,57.79,58.05,57.49,57.63,2752
1741564800,57.48,57.65,57.05,57.14,3812
1741651200,57.67,57.89,57.65,57.81,2707
1741737600,57.67,58.25,57.64,58.07,2916
1741824000,58.33,59.13,58.32,59.07,3911
1741910400,59.34,59.34,59.01,59.12,2636
1742169600,59.17,59.45,59.15,59.44,2518
1742256000,60.13,60.19,59.92,60.14,3781
1742342400,60.1,60.45,59.94,60.38,2173
1742428800,60.02,60.33,60.02,60.3,5218
1742515200,60.0,60.01,59.42,59.83,4733
1742774400,59.91,59.94,59.47,59.55,1847
1742860800,59.88,60.13,59.77,59.82,2580
1742947200,59.91,59.93,59.68,59.77,2399
1743033600,60.25,60.59,60.07,60.55,3061
1743120000,60.97,61.13,60.76,61.02,2649
1743379200,61.79,61.95,61.39,61.89,4693
1743465600,62.0,62.11,61.42,61.78,6532
1743552000,61.92,62.08,61.74,61.88,3416
1743638400,60.7,62.08,60.67,61.53,5584
1743984000,59.89,60.17,58.55,58.91,4927
1744070400,59.69,59.78,58.92,59.12,3943
1744156800,60.65,61.39,60.38,61.27,5913
1744243200,62.03,62.91,61.71,62.8,6402
1744329600,63.99,64.28,63.76,64.0,5271
1744588800,63.47,63.71,63.28,63.63,2912
1744675200,63.81,64.02,63.62,63.98,2114
1744761600,65.43,66.21,65.28,66.07,5896
1744848000,65.75,65.98,65.04,65.77,5893
1745193600,67.68,67.95,67.45,67.8,6190
1745280000,68.2,68.23,66.67,66.84,6726
1745366400,65.33,65.46,64.58,65.23,6507
1745452800,65.94,66.27,65.47,66.19,3749
1745539200,64.82,65.59,64.67,65.46,4096
1745798400,65.35,66.4,65.1,66.39,3465
1745884800,65.69,65.94,65.35,65.76,3101
1745971200,65.44,65.75,65.2,65.25,2846
1746057600,63.89,64.0,63.45,63.92,4547
1746144000,64.5,64.64,63.81,64.03,2933
1746403200,65.73,66.1,65.47,65.93,2307
1746489600,67.26,67.82,66.91,67.79,3624
1746576000,67.05,67.3,66.62,66.79,2846
1746662400,66.55,66.71,65.14,65.47,3527
1746748800,66.14,66.29,65.76,65.93,1821
1747008000,64.11,64.34,63.78,64.07,4500
1747094400,64.24,64.52,63.88,64.35,2516
1747180800,63.09,63.33,62.73,62.99,5148
1747267200,63.19,63.99,63.13,63.99,2877
1747353600,62.87,63.28,62.7,63.23,5897
1747612800,64.0,64.16,63.72,64.04,2546
1747699200,64.1,65.25,64.1,65.23,3564
1747785600,65.46,65.85,65.26,65.71,4958
1747872000,65.56,65.59,64.92,65.14,4169
1747958400,66.37,66.66,66.09,66.56,4636
1748304000,65.29,65.5,65.06,65.5,3276
1748390400,65.46,65.53,65.12,65.29,3864
1748476800,65.71,65.94,65.44,65.68,3097
1748563200,65.23,65.32,64.8,65.23,3308
1748822400,66.45,66.98,66.35,66.97,3907
1748908800,66.52,66.52,66.02,66.39,3504
1748995200,66.5,67.02,66.37,66.81,3399
1749081600,66.92,67.08,66.12,66.47,6463
1749168000,66.42,66.44,65.57,65.6,4463
1749427200,65.64,66.1,65.57,65.89,2332
1749513600,66.27,66.32,65.74,65.91,3439
1749600000,66.08,66.33,65.74,66.27,3627
1749686400,66.98,67.29,66.88,67.09,3881
1749772800,68.17,68.26,67.71,67.98,4470
1750032000,67.65,67.67,66.98,67.01,4194
1750118400,67.2,67.27,66.65,67.04,4772
1750204800,67.25,67.27,66.6,66.67,5019
1750377600,66.49,66.83,66.47,66.65,3828
1750636800,66.7,67.2,66.7,66.86,5037
1750723200,65.56,65.85,65.25,65.81,3789
1750809600,65.62,66.07,65.59,66.02,6182
1750896000,65.72,66.06,65.53,65.95,3242
1750982400,64.5,65.0,64.46,64.76,3413
1751241600,65.0,65.52,64.91,65.51,3373
1751328000,66.32,66.41,66.07,66.1,2933
1751414400,66.22,66.5,65.99,66.47,2716
1751500800,66.0,66.11,65.81,66.03,1930
1751846400,65.58,66.14,65.47,66.08,2620
1751932800,65.85,65.87,65.09,65.4,4156
1752019200,65.26,65.67,65.18,65.65,2726
1752105600,65.81,65.89,65.53,65.82,2504
1752192000,66.36,66.7,66.32,66.46,2938
1752451200,66.45,66.51,66.16,66.22,2275
1752537600,66.16,66.37,65.75,65.95,2736
1752624000,66.01,66.84,65.72,66.27,8749
1752710400,65.67,66.14,65.6,66.12,2698
1752796800,66.49,66.51,66.29,66.29,1750
1753056000,67.05,67.35,67.0,67.3,2566
1753142400,67.63,67.98,67.44,67.94,3613
1753228800,67.51,67.71,66.95,67.12,3430
1753315200,66.49,66.85,66.45,66.72,2113
1753401600,66.17,66.29,65.84,66.08,2180
1753660800,65.89,65.92,65.37,65.68,2851
1753747200,65.75,66.01,65.59,65.84,2879
1753833600,65.45,65.51,64.71,64.73,3919
1753920000,65.47,65.5,65.12,65.14,2554
1754006400,66.35,66.54,66.11,66.46,4096
1755043200,66.47,66.74,66.32,66.49,1866
1755129600,66.21,66.3,65.91,66.08,2175
1755216000,66.1,66.22,65.99,66.11,1596
1755475200,66.16,66.17,65.94,66.01,1463
1755561600,65.98,66.12,65.63,65.65,2165
1755648000,66.15,66.33,66.11,66.31,2162
1755734400,66.22,66.26,66.03,66.08,2529
1755820800,65.91,66.88,65.9,66.78,2266
1756080000,66.61,66.84,66.6,66.63,1317
1756166400,66.79,67.14,66.73,67.12,2277
1756252800,66.96,67.28,66.84,67.24,1842
1756339200,67.38,67.75,67.33,67.74,1687
1756425600,67.67,68.4,67.67,68.38,2725
1756771200,69.24,70.09,68.88,70.02,5172
1756857600,70.49,70.85,70.28,70.57,3911
1756944000,70.31,70.45,69.98,70.27,4091
1757030400,70.88,71.28,70.75,71.17,4192
1757289600,71.78,72.19,71.67,72.0,4495
1757376000,72.49,72.76,71.81,71.85,6054
1757462400,72.22,72.37,71.97,72.11,2655
1757548800,71.71,72.09,71.63,71.99,3525
1757635200,72.22,72.35,72.11,72.15,3826
1757894400,72.34,72.97,72.32,72.88,2903
1757980800,73.14,73.31,72.84,73.05,4071
1758067200,72.8,73.4,72.18,72.49,6175
1758153600,72.33,72.34,71.81,72.19,3729
1758240000,72.39,72.97,72.35,72.95,3453
1758499200,73.66,74.22,73.59,74.19,3437
1758585600,74.92,75.04,74.29,74.52,5798
1758672000,74.59,74.6,73.6,73.85,4442
1758758400,74.06,74.38,73.67,74.16,4762
1758844800,74.4,74.9,74.29,74.56,3877
1759104000,75.66,75.9,75.57,75.81,3953
1759190400,75.54,76.46,75.49,76.43,4926
1759276800,76.63,76.79,76.32,76.57,5327
1759363200,77.07,77.13,75.6,76.32,9431
1759449600,76.84,77.04,76.55,76.93,5192
1759708800,77.87,78.59,77.75,78.39,5140
1759795200,78.85,79.01,78.43,78.81,6703
1759881600,79.96,80.36,79.72,80.07,8514
1759968000,80.27,80.29,78.06,78.62,12413
1760054400,79.03,79.65,78.63,79.43,7075
1760313600,81.02,81.5,80.81,81.34,3538
1760400000,81.36,82.26,81.3,81.98,6484
1760486400,83.05,83.41,82.74,83.35,7833
1760572800,84.16,85.36,83.99,85.26,10430
1760659200,85.44,85.47,82.88,83.67,35038
1760918400,85.53,86.74,84.98,86.68,11284
1761004800,83.15,83.65,80.82,81.31,22536
1761091200,80.2,81.41,79.39,81.2,17229
1761177600,82.09,82.23,81.47,81.49,6456
1761264000,81.43,81.92,81.12,81.23,6069
1761523200,79.83,79.94,78.61,78.98,11200
1761609600,77.83,78.59,77.5,78.39,7599
1761696000,79.55,79.62,77.76,78.1,8674
1761782400,78.54,79.68,78.44,79.63,7336
1761868800,79.72,79.73,78.64,79.2,8206
1762128000,79.36,79.78,79.09,79.38,4065
1762214400,78.22,78.7,77.78,77.96,5773
1762300800,78.85,78.98,78.49,78.87,3439
1762387200,79.0,79.23,78.49,78.78,3496
1762473600,79.17,79.71,78.85,79.25,5646
1762732800,80.87,81.48,80.67,81.4,3541
1762819200,81.76,81.85,81.11,81.75,2905
1762905600,81.8,83.37,81.66,83.06,5343
1762992000,83.33,83.52,82.04,82.41,7722
1763078400,80.21,81.37,79.82,80.89,6298
1763337600,80.47,80.79,79.31,79.97,7364
1763424000,80.66,80.81,79.98,80.56,4491
1763510400,81.28,81.8,80.29,80.7,6297
1763596800,80.75,81.27,80.03,80.69,6887
1763683200,80.46,81.18,80.27,80.54,5903
1763942400,80.68,81.83,80.54,81.81,3483
1764028800,81.85,82.32,81.37,81.79,6832
1764115200,81.99,82.58,81.89,82.44,4728
1764288000,83.08,83.48,82.85,83.48,3809
1764547200,84.06,84.08,83.52,83.88,5848
1764633600,83.69,83.71,82.43,83.33,5676
1764720000,83.61,83.96,83.04,83.26,3884
1764806400,83.23,83.51,82.95,83.32,3236
1764892800,83.75,84.31,83.12,83.18,4898
1765152000,83.29,83.34,82.66,82.97,2973
1765238400,83.01,83.55,82.94,83.38,2895
1765324800,83.08,83.89,82.77,83.73,3837
1765411200,83.73,84.82,83.63,84.63,6714
1765497600,85.93,86.16,84.28,85.11,5467
1765756800,85.61,85.81,84.82,85.21,5665
1765843200,85.6,85.81,84.94,85.21,3996
1765929600,85.68,86.09,85.54,85.93,4219
1766016000,85.75,86.57,85.26,85.78,6238
1766102400,85.65,86.22,85.51,85.89,3246
1766361600,87.61,87.94,87.33,87.85,3689
1766448000,88.33,89.04,87.65,89.0,4881
1766534400,88.75,88.82,88.02,88.68,4390
1766707200,89.66,90.06,89.28,89.69,4603
1766966400,86.74,86.85,85.16,85.79,8027
1767052800,86.88,86.92,85.82,85.88,4921
1767139200,85.76,86.14,85.17,85.36,4069
1767312000,86.46,86.5,85.32,85.73,3980
1767571200,87.46,88.19,87.44,87.98,4547
1767657600,88.4,89.01,88.35,88.95,5213
1767744000,87.91,88.45,87.56,88.1,5231
1767830400,87.61,88.62,87.5,88.59,3648
1767916800,88.92,89.4,88.66,89.21,4581
1768176000,90.77,91.64,90.76,90.91,5025
1768262400,91.43,91.72,90.44,90.76,9122
1768348800,91.72,91.9,91.04,91.7,7397
1768435200,91.07,91.51,91.03,91.13,5137
1768521600,90.99,91.46,89.81,90.7,7633
1768867200,94.02,94.34,93.46,94.15,11134
1768953600,96.19,96.43,94.12,95.5,27514
1769040000,95.57,97.52,95.51,97.28,16029
1769126400,97.77,98.76,97.64,98.6,14591
1769385600,100.5,101.03,99.12,100.05,29772
1769472000,100.14,102.57,99.9,102.49,26290
1769558400,104.12,106.72,103.65,106.5,46430
1769644800,109.71,109.74,100.9,106.77,86252
1769731200,100.38,101.19,92.74,96.1,110194
1769990400,93.45,94.89,91.0,92.1,36872
1770076800,97.37,98.83,96.58,97.84,27103
1770163200,99.6,99.72,96.0,97.75,14518
1770249600,95.66,97.1,94.84,95.2,15427
1770336000,97.05,98.37,96.91,98.04,6762
1770595200,99.28,100.68,99.24,100.58,6858
1770681600,100.36,100.51,98.95,99.58,5997
1770768000,100.36,100.91,99.68,100.68,5894
1770854400,100.12,100.4,96.51,97.23,17449
1770940800,98.99,99.87,98.28,99.61,6021
1771286400,96.89,97.19,96.0,96.55,5772
1771372800,98.18,99.16,98.08,98.66,6129
1771459200,98.48,99.38,98.23,98.97,5926
1771545600,99.75,100.89,98.72,100.89,7141
1771804800,102.22,103.67,102.22,103.64,5775
1771891200,101.22,102.38,101.13,102.21,4286
1771977600,102.47,103.26,101.84,101.96,4366
1772064000,102.29,102.78,101.5,102.68,4223
1772150400,103.52,104.19,103.19,104.15,5200
1772409600,105.53,105.98,104.1,105.53,10775
1772496000,101.86,101.9,98.87,100.81,20202
1772582400,102.23,102.61,101.11,101.61,5070
1772668800,101.33,101.37,99.93,100.41,8136
1772755200,101.01,102.39,100.58,101.96,5688
1773014400,100.8,101.8,100.11,101.75,8370
1773100800,103.32,103.67,102.28,102.88,6463
1773187200,102.53,102.82,101.91,102.58,3473
1773273600,102.3,102.3,100.49,100.58,5840
1773360000,101.09,101.25,99.13,99.27,7397
1773619200,99.31,99.68,98.43,99.21,6720
1773705600,99.19,99.56,98.44,98.95,4161
1773792000,96.12,96.95,95.74,95.82,7626
1773878400,90.53,92.25,89.8,91.86,16988
1773964800,92.19,92.32,88.61,89.06,18425
1774224000,87.21,89.28,86.09,87.03,21379
1774310400,86.21,87.73,86.09,87.06,10593
1774396800,90.45,90.59,88.79,89.66,6882
1774483200,87.99,88.59,86.24,86.33,9443
1774569600,87.5,90.13,87.33,89.33,9462
1774828800,90.37,90.5,88.91,89.32,7053
1774915200,90.51,92.73,90.41,92.69,9668
1775001600,93.7,94.81,93.48,94.29,6620
1775088000,90.96,92.95,90.73,92.46,6047
1775433600,92.41,92.93,91.93,92.12,4885
1775520000,92.19,93.34,91.19,93.04,7523
1775606400,94.8,94.86,92.95,93.62,17834
1775692800,94.03,94.99,93.95,94.37,4385
1775779200,94.51,94.88,93.92,94.19,3372
1776038400,93.69,93.97,93.01,93.82,4897
1776124800,94.66,95.9,94.61,95.88,6049
1776211200,95.42,95.58,94.73,94.91,5135
1776297600,95.26,95.43,94.4,94.84,4725
1776384000,95.98,96.68,95.97,96.05,4516
1776643200,95.48,95.52,94.84,95.25,3519
1776729600,94.49,94.84,92.39,92.58,5693
1776816000,93.99,94.2,93.48,93.79,2521
1776902400,93.52,93.8,92.29,92.9,3763
1776988800,92.93,93.79,92.81,93.33,2400
1777248000,93.02,93.05,92.36,92.63,10885
1777334400,90.67,91.05,90.17,90.92,3015
1777420800,89.79,90.31,89.24,89.97,5058
1777507200,91.65,91.69,91.1,91.34,3113
1777593600,90.82,92.2,90.76,91.21,4021
1777852800,90.24,90.67,89.07,89.38,4434
1777939200,90.55,90.75,90.05,90.12,2911
1778025600,92.69,93.33,92.57,92.85,4515
1778112000,93.87,94.25,92.73,93.04,3041
1778198400,93.55,93.98,93.06,93.48,2921
1778457600,93.58,93.96,93.16,93.67,3079
1778544000,92.8,93.33,91.8,93.3,2789
1778630400,92.76,93.19,92.39,92.77,3650
1778716800,92.75,93.0,92.05,92.08,3241
1778803200,90.0,90.34,89.25,89.96,3479
1779062400,90.45,90.7,89.67,90.18,4248
1779148800,88.89,89.29,88.35,88.7,3296
1779235200,88.82,90.08,88.38,89.95,4038
1779321600,89.03,90.18,88.78,89.87,2735
1779408000,89.45,89.58,88.84,89.2,3371
1779753600,89.52,89.65,88.69,89.2,3863
1779840000,87.14,88.2,87.14,88.05,3777
1779926400,87.62,89.32,87.39,88.96,8371
1780012800,89.57,90.91,89.47,89.94,4823
1780272000,88.36,88.93,88.0,88.64,4787
1780358400,89.24,89.29,88.61,88.79,4351
1780444800,88.02,88.22,87.57,87.92,6274
1780531200,89.11,89.3,88.16,88.64,3378
1780617600,87.15,87.23,85.34,85.42,4857
1780876800,85.69,85.99,85.35,85.61,6937
1780963200,85.68,86.32,83.81,84.24,7469
1781049600,82.09,82.81,80.74,80.77,6878
1781136000,80.6,83.46,80.16,83.25,13098
1781222400,83.15,83.79,82.64,83.32,6999
1781481600,86.13,86.43,85.4,85.49,3722
1781568000,85.76,86.0,85.33,85.74,3165
1781654400,85.75,86.67,83.44,83.77,8244
1781740800,84.36,84.61,83.14,83.44,4165
1782086400,82.82,83.28,82.49,82.91,3159
1782172800,81.43,81.96,81.32,81.34,3381
1782259200,78.64,79.96,78.34,78.89,5675
1782345600,79.55,79.98,79.12,79.65,5139
1782432000,80.26,81.02,80.03,80.57,3419
1782691200,79.9,80.01,79.12,79.45,3214
1782777600,79.6,80.38,79.39,79.43,4383
1782864000,80.05,81.42,79.83,79.92,4013
1782950400,81.38,81.98,81.13,81.54,3966
1783296000,81.98,82.44,81.67,82.38,3455
1783382400,82.42,82.69,80.97,81.41,2848
1783468800,80.46,80.92,79.57,80.71,5178
1783555200,81.61,81.84,81.36,81.54,1959
1783641600,80.85,81.41,80.6,81.28,2281
1783900800,80.38,80.38,78.87,79.17,3913
1783987200,80.74,81.12,79.99,80.24,2658
1784073600,80.25,80.74,79.67,80.26,3117
1784160000,79.24,79.43,78.52,78.71,3369
1784246400,78.5,79.59,78.44,79.43,2328
1784505600,79.31,79.52,79.11,79.27,2765
1784592000,80.15,80.86,80.01,80.82,2866
1784678400,81.76,82.41,81.69,81.73,2968
1784764800,80.28,80.43,79.9,80.11,2976
1784851200,80.04,80.75,80.03,80.19,2493
1785110400,80.64,80.98,80.42,80.78,2081
1785196800,79.68,80.05,79.36,79.65,2915
1785283200,79.43,81.43,79.04,80.02,6050
1785369600,80.69,81.47,80.61,81.32,3418
1785456000,79.97,80.22,79.54,80.15,3241
1785715200,79.81,80.22,79.51,80.15,2613
1785801600,80.69,81.22,80.6,80.69,3079
1785888000,83.03,84.4,82.89,84.0,6448
1785974400,84.02,84.56,83.53,84.03,4714
1786060800,86.17,86.39,85.61,85.96,6126
1786320000,85.79,86.96,85.4,86.82,5191
1786406400,87.04,87.12,86.24,86.46,6783
1786492800,87.4,87.82,86.97,87.31,6639
1786579200,86.74,86.85,85.9,86.04,4557
1786665600,86.74,86.97,86.48,86.58,2586
1786924800,86.8,87.61,86.74,87.44,4026
1787011200,86.82,87.2,85.82,85.96,4480
